recipe_id,name,meal_type,ingredients,cuisine,cooking_time,instructions
1,Masoor Dal (Tiffin Special),Lunch,"masoor dal,onion,tomato,oil,salt,turmeric,cumin",Indian,20,"Prepare Masoor Dal using masoor dal, onion, tomato. Cook with spices and serve hot."
2,Aloo Tikki (Quick),Breakfast,"potato,bread crumbs,salt,green chili,oil",Indian,25,"Prepare Aloo Tikki using potato, bread crumbs, salt. Cook with spices and serve hot."
3,Dal Khichdi (South Style),Dinner,"rice,moong dal,ghee,salt,turmeric,cumin",South Indian,25,"Prepare Dal Khichdi using rice, moong dal, ghee. Cook with spices and serve hot."
4,Aloo Paratha (Tiffin Special),Breakfast,"wheat flour,potato,onion,green chili,salt,oil,butter",North Indian,30,"Prepare Aloo Paratha using wheat flour, potato, onion. Cook with spices and serve hot."
5,Thepla (Quick),Breakfast,"wheat flour,methi leaves,oil,salt,turmeric,green chili",Gujarati,30,"Prepare Thepla using wheat flour, methi leaves, oil. Cook with spices and serve hot."
6,Vegetable Omelette (Quick),Breakfast,"egg,onion,tomato,salt,oil,green chili",Indian,18,"Prepare Vegetable Omelette using egg, onion, tomato. Cook with spices and serve hot."
7,Moong Dal Dosa (North Style),Dinner,"moong dal,salt,oil,green chili",North Indian,10,"Prepare Moong Dal Dosa using moong dal, salt, oil. Cook with spices and serve hot."
8,Sprouts Salad (Tiffin Special),Dinner,"sprouts,onion,tomato,lemon,salt",Indian,10,"Prepare Sprouts Salad using sprouts, onion, tomato. Cook with spices and serve hot."
9,Idli (South Style),Breakfast,"rice,urad dal,salt,water",South Indian,15,"Prepare Idli using rice, urad dal, salt. Cook with spices and serve hot."
10,Tinda Sabzi (Home Style),Lunch,"tinda,onion,tomato,oil,salt,turmeric",Indian,25,"Prepare Tinda Sabzi using tinda, onion, tomato. Cook with spices and serve hot."
11,Vegetable Soup (South Style),Dinner,"carrot,beans,onion,garlic,salt,black pepper,water",South Indian,20,"Prepare Vegetable Soup using carrot, beans, onion. Cook with spices and serve hot."
12,Paneer Bhurji (North Style),Breakfast,"paneer,onion,tomato,oil,salt,green chili",North Indian,18,"Prepare Paneer Bhurji using paneer, onion, tomato. Cook with spices and serve hot."
13,Aloo Gobi (South Style),Lunch,"potato,cauliflower,onion,oil,salt,turmeric,garam masala",South Indian,25,"Prepare Aloo Gobi using potato, cauliflower, onion. Cook with spices and serve hot."
14,Dal Khichdi (North Style),Dinner,"rice,moong dal,ghee,salt,turmeric,cumin",North Indian,25,"Prepare Dal Khichdi using rice, moong dal, ghee. Cook with spices and serve hot."
15,Puliyogare (Tiffin Special),Lunch,"rice,tamarind,peanut,oil,salt,mustard seeds",South Indian,45,"Prepare Puliyogare using rice, tamarind, peanut. Cook with spices and serve hot."
16,Soyabean Curry (Family Pack),Lunch,"soy chunks,onion,tomato,oil,salt,garam masala",Indian,40,"Prepare Soyabean Curry using soy chunks, onion, tomato. Cook with spices and serve hot."
17,Vegetable Sandwich (Classic),Breakfast,"bread,butter,tomato,cucumber,onion,salt,black pepper",Indian,18,"Prepare Vegetable Sandwich using bread, butter, tomato. Cook with spices and serve hot."
18,Vegetable Omelette (Low Oil),Breakfast,"egg,onion,tomato,salt,oil,green chili",Indian,35,"Prepare Vegetable Omelette using egg, onion, tomato. Cook with spices and serve hot."
19,Matar Paneer (Low Oil),Lunch,"peas,paneer,onion,tomato,oil,salt,garam masala",Indian,25,"Prepare Matar Paneer using peas, paneer, onion. Cook with spices and serve hot."
20,Pongal (Tiffin Special),Breakfast,"rice,moong dal,ghee,black pepper,cumin,salt",South Indian,15,"Prepare Pongal using rice, moong dal, ghee. Cook with spices and serve hot."
21,Masoor Dal (Dhaba Style),Lunch,"masoor dal,onion,tomato,oil,salt,turmeric,cumin",Indian,50,"Prepare Masoor Dal using masoor dal, onion, tomato. Cook with spices and serve hot."
22,Masala Dosa (Masala),Breakfast,"rice,urad dal,potato,onion,oil,salt,mustard seeds,curry leaves",South Indian,25,"Prepare Masala Dosa using rice, urad dal, potato. Cook with spices and serve hot."
23,Moong Dal Khichdi (North Style),Lunch,"rice,moong dal,ghee,salt,turmeric,cumin",North Indian,60,"Prepare Moong Dal Khichdi using rice, moong dal, ghee. Cook with spices and serve hot."
24,Dal Fry (Dhaba Style),Dinner,"toor dal,onion,tomato,oil,salt,cumin",Indian,15,"Prepare Dal Fry using toor dal, onion, tomato. Cook with spices and serve hot."
25,Uttapam (Dhaba Style),Breakfast,"rice,urad dal,onion,tomato,green chili,salt,oil",South Indian,12,"Prepare Uttapam using rice, urad dal, onion. Cook with spices and serve hot."
26,Vermicelli Upma (Budget),Breakfast,"vermicelli,onion,oil,mustard seeds,curry leaves,salt",Indian,35,"Prepare Vermicelli Upma using vermicelli, onion, oil. Cook with spices and serve hot."
27,Mix Veg Sabzi (Budget),Lunch,"mixed vegetables,onion,tomato,oil,salt,turmeric",Indian,45,"Prepare Mix Veg Sabzi using mixed vegetables, onion, tomato. Cook with spices and serve hot."
28,Methi Paratha (Family Pack),Breakfast,"wheat flour,methi leaves,salt,oil",Indian,15,"Prepare Methi Paratha using wheat flour, methi leaves, salt. Cook with spices and serve hot."
29,Vegetable Biryani (Dhaba Style),Dinner,"rice,mixed vegetables,onion,curd,biryani masala,oil,salt",Indian,10,"Prepare Vegetable Biryani using rice, mixed vegetables, onion. Cook with spices and serve hot."
30,Oats Upma (Home Style),Breakfast,"oats,onion,oil,mustard seeds,curry leaves,salt,water",Indian,18,"Prepare Oats Upma using oats, onion, oil. Cook with spices and serve hot."
31,Lauki Sabzi (Special),Lunch,"bottle gourd,onion,tomato,oil,salt,turmeric",Indian,60,"Prepare Lauki Sabzi using bottle gourd, onion, tomato. Cook with spices and serve hot."
32,Sabudana Khichdi (Dhaba Style),Breakfast,"sabudana,peanut,potato,green chili,salt,oil",Indian,30,"Prepare Sabudana Khichdi using sabudana, peanut, potato. Cook with spices and serve hot."
33,Aloo Tikki (Home Style),Dinner,"potato,bread crumbs,salt,green chili,oil",Indian,40,"Prepare Aloo Tikki using potato, bread crumbs, salt. Cook with spices and serve hot."
34,Aloo Tikki (Classic),Dinner,"potato,bread crumbs,salt,green chili,oil",Indian,40,"Prepare Aloo Tikki using potato, bread crumbs, salt. Cook with spices and serve hot."
35,Mix Veg Sabzi (Spicy),Lunch,"mixed vegetables,onion,tomato,oil,salt,turmeric",Indian,30,"Prepare Mix Veg Sabzi using mixed vegetables, onion, tomato. Cook with spices and serve hot."
36,Vegetable Sandwich (Home Style),Breakfast,"bread,butter,tomato,cucumber,onion,salt,black pepper",Indian,18,"Prepare Vegetable Sandwich using bread, butter, tomato. Cook with spices and serve hot."
37,Stuffed Capsicum (Simple),Dinner,"capsicum,potato,onion,oil,salt,garam masala",Indian,45,"Prepare Stuffed Capsicum using capsicum, potato, onion. Cook with spices and serve hot."
38,Paneer Bhurji (Low Oil),Dinner,"paneer,onion,tomato,oil,salt,green chili",Indian,30,"Prepare Paneer Bhurji using paneer, onion, tomato. Cook with spices and serve hot."
39,Moong Dal Cheela (Tiffin Special),Breakfast,"moong dal,onion,green chili,salt,oil",Indian,25,"Prepare Moong Dal Cheela using moong dal, onion, green chili. Cook with spices and serve hot."
40,Sprouts Salad (Family Pack),Dinner,"sprouts,onion,tomato,lemon,salt",Indian,20,"Prepare Sprouts Salad using sprouts, onion, tomato. Cook with spices and serve hot."
41,Curd Rice (South Style),Dinner,"rice,curd,salt,mustard seeds,curry leaves,oil",South Indian,10,"Prepare Curd Rice using rice, curd, salt. Cook with spices and serve hot."
42,Bisi Bele Bath (Tiffin Special),Lunch,"rice,toor dal,mixed vegetables,bisi bele bath powder,ghee,salt",South Indian,50,"Prepare Bisi Bele Bath using rice, toor dal, mixed vegetables. Cook with spices and serve hot."
43,Lauki Sabzi (Quick),Lunch,"bottle gourd,onion,tomato,oil,salt,turmeric",Indian,60,"Prepare Lauki Sabzi using bottle gourd, onion, tomato. Cook with spices and serve hot."
44,Dalia Khichdi (Simple),Dinner,"broken wheat,moong dal,ghee,salt,turmeric",Indian,25,"Prepare Dalia Khichdi using broken wheat, moong dal, ghee. Cook with spices and serve hot."
45,Suji Halwa (Dhaba Style),Breakfast,"rava,ghee,sugar,water,cardamom",Indian,15,"Prepare Suji Halwa using rava, ghee, sugar. Cook with spices and serve hot."
46,Aloo Sandwich (North Style),Breakfast,"bread,potato,butter,salt,black pepper",North Indian,10,"Prepare Aloo Sandwich using bread, potato, butter. Cook with spices and serve hot."
47,Poha (North Style),Breakfast,"poha,onion,oil,mustard seeds,curry leaves,green chili,salt,lemon",North Indian,15,"Prepare Poha using poha, onion, oil. Cook with spices and serve hot."
48,Vegetable Biryani (Family Pack),Dinner,"rice,mixed vegetables,onion,curd,biryani masala,oil,salt",Indian,10,"Prepare Vegetable Biryani using rice, mixed vegetables, onion. Cook with spices and serve hot."
49,Suji Halwa (North Style),Breakfast,"rava,ghee,sugar,water,cardamom",North Indian,30,"Prepare Suji Halwa using rava, ghee, sugar. Cook with spices and serve hot."
50,Rava Idli (Family Pack),Breakfast,"rava,curd,eno,salt,water",South Indian,25,"Prepare Rava Idli using rava, curd, eno. Cook with spices and serve hot."
51,Bhindi Masala (Quick),Lunch,"okra,onion,tomato,oil,salt,turmeric,garam masala",Indian,60,"Prepare Bhindi Masala using okra, onion, tomato. Cook with spices and serve hot."
52,Dahi Aloo (Dhaba Style),Lunch,"curd,potato,oil,salt,cumin",Indian,40,"Prepare Dahi Aloo using curd, potato, oil. Cook with spices and serve hot."
53,Moong Dal Cheela (Quick),Breakfast,"moong dal,onion,green chili,salt,oil",Indian,25,"Prepare Moong Dal Cheela using moong dal, onion, green chili. Cook with spices and serve hot."
54,Aloo Tikki (Dhaba Style),Dinner,"potato,bread crumbs,salt,green chili,oil",Indian,20,"Prepare Aloo Tikki using potato, bread crumbs, salt. Cook with spices and serve hot."
55,Chapati Sabzi (Spicy),Dinner,"wheat flour,water,salt,mixed vegetables,oil,turmeric",Indian,35,"Prepare Chapati Sabzi using wheat flour, water, salt. Cook with spices and serve hot."
56,Aloo Tikki (Simple),Breakfast,"potato,bread crumbs,salt,green chili,oil",Indian,20,"Prepare Aloo Tikki using potato, bread crumbs, salt. Cook with spices and serve hot."
57,Curd Rice (Quick),Dinner,"rice,curd,salt,mustard seeds,curry leaves,oil",South Indian,30,"Prepare Curd Rice using rice, curd, salt. Cook with spices and serve hot."
58,Maggi Masala (Home Style),Dinner,"noodles,onion,tomato,oil,salt,maggi masala",Indian,35,"Prepare Maggi Masala using noodles, onion, tomato. Cook with spices and serve hot."
59,Aloo Tikki (South Style),Breakfast,"potato,bread crumbs,salt,green chili,oil",South Indian,25,"Prepare Aloo Tikki using potato, bread crumbs, salt. Cook with spices and serve hot."
60,Stuffed Capsicum (North Style),Dinner,"capsicum,potato,onion,oil,salt,garam masala",North Indian,25,"Prepare Stuffed Capsicum using capsicum, potato, onion. Cook with spices and serve hot."
61,Ragi Dosa (Classic),Breakfast,"ragi flour,rice flour,curd,salt,oil",Indian,18,"Prepare Ragi Dosa using ragi flour, rice flour, curd. Cook with spices and serve hot."
62,Semiyan Kheer (Dhaba Style),Breakfast,"vermicelli,milk,sugar,cardamom,ghee",Indian,25,"Prepare Semiyan Kheer using vermicelli, milk, sugar. Cook with spices and serve hot."
63,Chapati Sabzi (Simple),Dinner,"wheat flour,water,salt,mixed vegetables,oil,turmeric",Indian,30,"Prepare Chapati Sabzi using wheat flour, water, salt. Cook with spices and serve hot."
64,Veg Kurma (Spicy),Lunch,"mixed vegetables,coconut,onion,tomato,oil,salt",Indian,45,"Prepare Veg Kurma using mixed vegetables, coconut, onion. Cook with spices and serve hot."
65,Moong Dal Khichdi (Family Pack),Lunch,"rice,moong dal,ghee,salt,turmeric,cumin",Indian,25,"Prepare Moong Dal Khichdi using rice, moong dal, ghee. Cook with spices and serve hot."
66,Mooli Paratha (Spicy),Breakfast,"wheat flour,radish,salt,oil,cumin",Indian,35,"Prepare Mooli Paratha using wheat flour, radish, salt. Cook with spices and serve hot."
67,Aloo Sandwich (Spicy),Breakfast,"bread,potato,butter,salt,black pepper",Indian,35,"Prepare Aloo Sandwich using bread, potato, butter. Cook with spices and serve hot."
68,Sambar Rice (North Style),Dinner,"rice,toor dal,sambar powder,mixed vegetables,oil,salt",North Indian,10,"Prepare Sambar Rice using rice, toor dal, sambar powder. Cook with spices and serve hot."
69,Moong Dal Khichdi (Masala),Lunch,"rice,moong dal,ghee,salt,turmeric,cumin",Indian,25,"Prepare Moong Dal Khichdi using rice, moong dal, ghee. Cook with spices and serve hot."
70,Vegetable Biryani (Tiffin Special),Dinner,"rice,mixed vegetables,onion,curd,biryani masala,oil,salt",Indian,25,"Prepare Vegetable Biryani using rice, mixed vegetables, onion. Cook with spices and serve hot."
71,Egg Curry (Tiffin Special),Lunch,"egg,onion,tomato,oil,salt,garam masala",Indian,45,"Prepare Egg Curry using egg, onion, tomato. Cook with spices and serve hot."
72,Ragi Dosa (Dhaba Style),Breakfast,"ragi flour,rice flour,curd,salt,oil",Indian,30,"Prepare Ragi Dosa using ragi flour, rice flour, curd. Cook with spices and serve hot."
73,Vegetable Fried Rice (Classic),Dinner,"rice,mixed vegetables,soy sauce,oil,salt,black pepper",Indo-Chinese,20,"Prepare Vegetable Fried Rice using rice, mixed vegetables, soy sauce. Cook with spices and serve hot."
74,Besan Chilla (Simple),Breakfast,"besan,onion,tomato,green chili,salt,oil,water",Indian,15,"Prepare Besan Chilla using besan, onion, tomato. Cook with spices and serve hot."
75,Sambar Rice (Dhaba Style),Dinner,"rice,toor dal,sambar powder,mixed vegetables,oil,salt",Indian,20,"Prepare Sambar Rice using rice, toor dal, sambar powder. Cook with spices and serve hot."
76,Vegetable Stew (North Style),Dinner,"mixed vegetables,coconut milk,salt,black pepper",North Indian,45,"Prepare Vegetable Stew using mixed vegetables, coconut milk, salt. Cook with spices and serve hot."
77,Lemon Rice (Family Pack),Dinner,"rice,lemon,oil,mustard seeds,curry leaves,peanut,salt,turmeric",South Indian,20,"Prepare Lemon Rice using rice, lemon, oil. Cook with spices and serve hot."
78,Chana Salad (Home Style),Dinner,"chickpeas,onion,tomato,lemon,salt,black pepper",Indian,10,"Prepare Chana Salad using chickpeas, onion, tomato. Cook with spices and serve hot."
79,Mooli Paratha (South Style),Breakfast,"wheat flour,radish,salt,oil,cumin",South Indian,15,"Prepare Mooli Paratha using wheat flour, radish, salt. Cook with spices and serve hot."
80,Sambar (Special),Lunch,"toor dal,tamarind,sambar powder,mixed vegetables,oil,salt,mustard seeds",South Indian,35,"Prepare Sambar using toor dal, tamarind, sambar powder. Cook with spices and serve hot."
81,Rava Idli (Spicy),Breakfast,"rava,curd,eno,salt,water",South Indian,20,"Prepare Rava Idli using rava, curd, eno. Cook with spices and serve hot."
82,Stuffed Capsicum (Masala),Dinner,"capsicum,potato,onion,oil,salt,garam masala",Indian,35,"Prepare Stuffed Capsicum using capsicum, potato, onion. Cook with spices and serve hot."
83,Puliyogare (Tiffin Special),Lunch,"rice,tamarind,peanut,oil,salt,mustard seeds",South Indian,30,"Prepare Puliyogare using rice, tamarind, peanut. Cook with spices and serve hot."
84,Egg Bhurji (Dhaba Style),Breakfast,"egg,onion,tomato,oil,salt,green chili",Indian,30,"Prepare Egg Bhurji using egg, onion, tomato. Cook with spices and serve hot."
85,Pav Bhaji (South Style),Dinner,"pav,potato,tomato,onion,butter,pav bhaji masala,salt",South Indian,20,"Prepare Pav Bhaji using pav, potato, tomato. Cook with spices and serve hot."
86,Soya Chunks Curry (Simple),Dinner,"soy chunks,onion,tomato,oil,salt,garam masala",Indian,45,"Prepare Soya Chunks Curry using soy chunks, onion, tomato. Cook with spices and serve hot."
87,Rice Upma (Simple),Breakfast,"rice,onion,oil,mustard seeds,curry leaves,salt",Indian,15,"Prepare Rice Upma using rice, onion, oil. Cook with spices and serve hot."
88,Moong Dal Cheela (Dhaba Style),Breakfast,"moong dal,onion,green chili,salt,oil",Indian,12,"Prepare Moong Dal Cheela using moong dal, onion, green chili. Cook with spices and serve hot."
89,Dal Khichdi (Family Pack),Dinner,"rice,moong dal,ghee,salt,turmeric,cumin",Indian,45,"Prepare Dal Khichdi using rice, moong dal, ghee. Cook with spices and serve hot."
90,Corn Chaat (Simple),Breakfast,"sweet corn,onion,tomato,lemon,salt,chaat masala",Indian,18,"Prepare Corn Chaat using sweet corn, onion, tomato. Cook with spices and serve hot."
91,Uttapam (Simple),Breakfast,"rice,urad dal,onion,tomato,green chili,salt,oil",South Indian,12,"Prepare Uttapam using rice, urad dal, onion. Cook with spices and serve hot."
92,Kheer (South Style),Dinner,"rice,milk,sugar,cardamom,ghee",South Indian,10,"Prepare Kheer using rice, milk, sugar. Cook with spices and serve hot."
93,Aloo Puri (Family Pack),Breakfast,"wheat flour,potato,oil,salt,turmeric",Indian,18,"Prepare Aloo Puri using wheat flour, potato, oil. Cook with spices and serve hot."
94,Aloo Tikki (Dhaba Style),Dinner,"potato,bread crumbs,salt,green chili,oil",Indian,45,"Prepare Aloo Tikki using potato, bread crumbs, salt. Cook with spices and serve hot."
95,Stuffed Capsicum (Classic),Dinner,"capsicum,potato,onion,oil,salt,garam masala",Indian,30,"Prepare Stuffed Capsicum using capsicum, potato, onion. Cook with spices and serve hot."
96,Sambar Rice (Spicy),Dinner,"rice,toor dal,sambar powder,mixed vegetables,oil,salt",Indian,45,"Prepare Sambar Rice using rice, toor dal, sambar powder. Cook with spices and serve hot."
97,Ragi Porridge (Quick),Breakfast,"ragi flour,milk,jaggery,cardamom",Indian,30,"Prepare Ragi Porridge using ragi flour, milk, jaggery. Cook with spices and serve hot."
98,Vegetable Curry (Quick),Lunch,"mixed vegetables,onion,tomato,oil,salt,turmeric,garam masala",Indian,35,"Prepare Vegetable Curry using mixed vegetables, onion, tomato. Cook with spices and serve hot."
99,Vegetable Pulao (Spicy),Lunch,"rice,mixed vegetables,oil,salt,cumin,garam masala",Indian,40,"Prepare Vegetable Pulao using rice, mixed vegetables, oil. Cook with spices and serve hot."
100,Moong Dal Cheela (Classic),Breakfast,"moong dal,onion,green chili,salt,oil",Indian,25,"Prepare Moong Dal Cheela using moong dal, onion, green chili. Cook with spices and serve hot."
101,Rava Idli (Home Style),Breakfast,"rava,curd,eno,salt,water",South Indian,35,"Prepare Rava Idli using rava, curd, eno. Cook with spices and serve hot."
102,Mooli Paratha (Tiffin Special),Breakfast,"wheat flour,radish,salt,oil,cumin",Indian,35,"Prepare Mooli Paratha using wheat flour, radish, salt. Cook with spices and serve hot."
103,Dhokla (Home Style),Breakfast,"besan,curd,salt,eno,turmeric,water",Gujarati,30,"Prepare Dhokla using besan, curd, salt. Cook with spices and serve hot."
104,Dalia Khichdi (Family Pack),Dinner,"broken wheat,moong dal,ghee,salt,turmeric",Indian,40,"Prepare Dalia Khichdi using broken wheat, moong dal, ghee. Cook with spices and serve hot."
105,Egg Bhurji (Family Pack),Breakfast,"egg,onion,tomato,oil,salt,green chili",Indian,12,"Prepare Egg Bhurji using egg, onion, tomato. Cook with spices and serve hot."
106,Maggi Masala (Simple),Dinner,"noodles,onion,tomato,oil,salt,maggi masala",Indian,35,"Prepare Maggi Masala using noodles, onion, tomato. Cook with spices and serve hot."
107,Kheer (Dhaba Style),Dinner,"rice,milk,sugar,cardamom,ghee",Indian,10,"Prepare Kheer using rice, milk, sugar. Cook with spices and serve hot."
108,Chana Dal (South Style),Lunch,"chana dal,onion,tomato,oil,salt,turmeric,cumin",South Indian,40,"Prepare Chana Dal using chana dal, onion, tomato. Cook with spices and serve hot."
109,Vegetable Fried Rice (Quick),Dinner,"rice,mixed vegetables,soy sauce,oil,salt,black pepper",Indo-Chinese,25,"Prepare Vegetable Fried Rice using rice, mixed vegetables, soy sauce. Cook with spices and serve hot."
110,Aloo Paratha (Low Oil),Breakfast,"wheat flour,potato,onion,green chili,salt,oil,butter",North Indian,20,"Prepare Aloo Paratha using wheat flour, potato, onion. Cook with spices and serve hot."
111,Vegetable Sandwich (Low Oil),Breakfast,"bread,butter,tomato,cucumber,onion,salt,black pepper",Indian,15,"Prepare Vegetable Sandwich using bread, butter, tomato. Cook with spices and serve hot."
112,Veg Kurma (Tiffin Special),Lunch,"mixed vegetables,coconut,onion,tomato,oil,salt",Indian,30,"Prepare Veg Kurma using mixed vegetables, coconut, onion. Cook with spices and serve hot."
113,Lemon Rice (South Style),Dinner,"rice,lemon,oil,mustard seeds,curry leaves,peanut,salt,turmeric",South Indian,45,"Prepare Lemon Rice using rice, lemon, oil. Cook with spices and serve hot."
114,Tomato Soup (Quick),Dinner,"tomato,onion,garlic,salt,black pepper,water",Indian,30,"Prepare Tomato Soup using tomato, onion, garlic. Cook with spices and serve hot."
115,Vegetable Sandwich (Tiffin Special),Breakfast,"bread,butter,tomato,cucumber,onion,salt,black pepper",Indian,12,"Prepare Vegetable Sandwich using bread, butter, tomato. Cook with spices and serve hot."
116,Rajma Chawal (Budget),Lunch,"rajma,rice,onion,tomato,oil,salt,garam masala,ginger,garlic",North Indian,25,"Prepare Rajma Chawal using rajma, rice, onion. Cook with spices and serve hot."
117,Paneer Butter Masala (North Style),Lunch,"paneer,tomato,butter,cream,oil,salt,garam masala,ginger,garlic",North Indian,35,"Prepare Paneer Butter Masala using paneer, tomato, butter. Cook with spices and serve hot."
118,Rava Idli (Special),Breakfast,"rava,curd,eno,salt,water",South Indian,12,"Prepare Rava Idli using rava, curd, eno. Cook with spices and serve hot."
119,Dal Tadka (Family Pack),Lunch,"toor dal,onion,tomato,garlic,oil,ghee,salt,cumin",Indian,50,"Prepare Dal Tadka using toor dal, onion, tomato. Cook with spices and serve hot."
120,Palak Paneer (Simple),Lunch,"spinach,paneer,onion,tomato,oil,salt,garlic",Indian,35,"Prepare Palak Paneer using spinach, paneer, onion. Cook with spices and serve hot."
121,Sabudana Khichdi (Low Oil),Breakfast,"sabudana,peanut,potato,green chili,salt,oil",Indian,10,"Prepare Sabudana Khichdi using sabudana, peanut, potato. Cook with spices and serve hot."
122,Puri Bhaji (Low Oil),Breakfast,"wheat flour,potato,onion,oil,salt,turmeric",Indian,20,"Prepare Puri Bhaji using wheat flour, potato, onion. Cook with spices and serve hot."
123,Veg Noodles (Spicy),Dinner,"noodles,mixed vegetables,soy sauce,oil,salt,black pepper",Indo-Chinese,30,"Prepare Veg Noodles using noodles, mixed vegetables, soy sauce. Cook with spices and serve hot."
124,Dal Palak (Budget),Lunch,"spinach,toor dal,onion,tomato,oil,salt,garlic",Indian,30,"Prepare Dal Palak using spinach, toor dal, onion. Cook with spices and serve hot."
125,Moong Dal Khichdi (Masala),Lunch,"rice,moong dal,ghee,salt,turmeric,cumin",Indian,20,"Prepare Moong Dal Khichdi using rice, moong dal, ghee. Cook with spices and serve hot."
126,Chole (Simple),Lunch,"chickpeas,onion,tomato,oil,salt,chole masala,ginger,garlic",North Indian,20,"Prepare Chole using chickpeas, onion, tomato. Cook with spices and serve hot."
127,Soya Chunks Curry (South Style),Dinner,"soy chunks,onion,tomato,oil,salt,garam masala",South Indian,25,"Prepare Soya Chunks Curry using soy chunks, onion, tomato. Cook with spices and serve hot."
128,Vegetable Paratha (Spicy),Dinner,"wheat flour,mixed vegetables,salt,oil",Indian,45,"Prepare Vegetable Paratha using wheat flour, mixed vegetables, salt. Cook with spices and serve hot."
129,Bread Upma (Budget),Breakfast,"bread,onion,tomato,oil,salt,mustard seeds",Indian,35,"Prepare Bread Upma using bread, onion, tomato. Cook with spices and serve hot."
130,Vegetable Stew (Tiffin Special),Dinner,"mixed vegetables,coconut milk,salt,black pepper",Indian,30,"Prepare Vegetable Stew using mixed vegetables, coconut milk, salt. Cook with spices and serve hot."
131,Egg Bhurji (Spicy),Dinner,"egg,onion,tomato,oil,salt,green chili",Indian,35,"Prepare Egg Bhurji using egg, onion, tomato. Cook with spices and serve hot."
132,Besan Chilla (Tiffin Special),Breakfast,"besan,onion,tomato,green chili,salt,oil,water",Indian,25,"Prepare Besan Chilla using besan, onion, tomato. Cook with spices and serve hot."
133,Besan Chilla (Simple),Breakfast,"besan,onion,tomato,green chili,salt,oil,water",Indian,12,"Prepare Besan Chilla using besan, onion, tomato. Cook with spices and serve hot."
134,Aloo Matar (Low Oil),Dinner,"potato,peas,onion,tomato,oil,salt,turmeric",Indian,40,"Prepare Aloo Matar using potato, peas, onion. Cook with spices and serve hot."
135,Dosa (Quick),Breakfast,"rice,urad dal,salt,oil",South Indian,30,"Prepare Dosa using rice, urad dal, salt. Cook with spices and serve hot."
136,Rava Dosa (Low Oil),Dinner,"rava,rice flour,curd,salt,oil",South Indian,25,"Prepare Rava Dosa using rava, rice flour, curd. Cook with spices and serve hot."
137,Vegetable Soup (Simple),Dinner,"carrot,beans,onion,garlic,salt,black pepper,water",Indian,45,"Prepare Vegetable Soup using carrot, beans, onion. Cook with spices and serve hot."
138,Sabudana Khichdi (Low Oil),Breakfast,"sabudana,peanut,potato,green chili,salt,oil",Indian,35,"Prepare Sabudana Khichdi using sabudana, peanut, potato. Cook with spices and serve hot."
139,Rava Idli (Family Pack),Breakfast,"rava,curd,eno,salt,water",South Indian,25,"Prepare Rava Idli using rava, curd, eno. Cook with spices and serve hot."
140,Tomato Soup (Spicy),Dinner,"tomato,onion,garlic,salt,black pepper,water",Indian,10,"Prepare Tomato Soup using tomato, onion, garlic. Cook with spices and serve hot."
141,Rasam (Family Pack),Lunch,"tomato,tamarind,rasam powder,garlic,oil,salt,curry leaves",South Indian,30,"Prepare Rasam using tomato, tamarind, rasam powder. Cook with spices and serve hot."
142,Aloo Sandwich (Tiffin Special),Breakfast,"bread,potato,butter,salt,black pepper",Indian,12,"Prepare Aloo Sandwich using bread, potato, butter. Cook with spices and serve hot."
143,Aloo Jeera (South Style),Lunch,"potato,cumin,oil,salt,turmeric",South Indian,35,"Prepare Aloo Jeera using potato, cumin, oil. Cook with spices and serve hot."
144,Pongal (Masala),Breakfast,"rice,moong dal,ghee,black pepper,cumin,salt",South Indian,10,"Prepare Pongal using rice, moong dal, ghee. Cook with spices and serve hot."
145,Rava Idli (Special),Breakfast,"rava,curd,eno,salt,water",South Indian,12,"Prepare Rava Idli using rava, curd, eno. Cook with spices and serve hot."
146,Ragi Dosa (North Style),Breakfast,"ragi flour,rice flour,curd,salt,oil",North Indian,10,"Prepare Ragi Dosa using ragi flour, rice flour, curd. Cook with spices and serve hot."
147,Rajma Chawal (Low Oil),Lunch,"rajma,rice,onion,tomato,oil,salt,garam masala,ginger,garlic",North Indian,40,"Prepare Rajma Chawal using rajma, rice, onion. Cook with spices and serve hot."
148,Stuffed Capsicum (Quick),Dinner,"capsicum,potato,onion,oil,salt,garam masala",Indian,20,"Prepare Stuffed Capsicum using capsicum, potato, onion. Cook with spices and serve hot."
149,Sambar Rice (Classic),Dinner,"rice,toor dal,sambar powder,mixed vegetables,oil,salt",Indian,40,"Prepare Sambar Rice using rice, toor dal, sambar powder. Cook with spices and serve hot."
150,Paneer Bhurji (Home Style),Lunch,"paneer,onion,tomato,oil,salt,green chili",Indian,40,"Prepare Paneer Bhurji using paneer, onion, tomato. Cook with spices and serve hot."
151,Masala Omelette (Budget),Dinner,"egg,onion,green chili,salt,oil",Indian,20,"Prepare Masala Omelette using egg, onion, green chili. Cook with spices and serve hot."
152,Pongal (Budget),Breakfast,"rice,moong dal,ghee,black pepper,cumin,salt",South Indian,30,"Prepare Pongal using rice, moong dal, ghee. Cook with spices and serve hot."
153,Tawa Paneer (Masala),Dinner,"paneer,onion,tomato,oil,salt,garam masala",Indian,20,"Prepare Tawa Paneer using paneer, onion, tomato. Cook with spices and serve hot."
154,Veg Noodles (South Style),Dinner,"noodles,mixed vegetables,soy sauce,oil,salt,black pepper",South Indian,10,"Prepare Veg Noodles using noodles, mixed vegetables, soy sauce. Cook with spices and serve hot."
155,Sprouts Salad (Masala),Dinner,"sprouts,onion,tomato,lemon,salt",Indian,25,"Prepare Sprouts Salad using sprouts, onion, tomato. Cook with spices and serve hot."
156,Upma (Simple),Breakfast,"rava,onion,oil,mustard seeds,curry leaves,green chili,salt,water",Indian,15,"Prepare Upma using rava, onion, oil. Cook with spices and serve hot."
157,Maggi Masala (Quick),Dinner,"noodles,onion,tomato,oil,salt,maggi masala",Indian,40,"Prepare Maggi Masala using noodles, onion, tomato. Cook with spices and serve hot."
158,Bisi Bele Bath (Simple),Lunch,"rice,toor dal,mixed vegetables,bisi bele bath powder,ghee,salt",South Indian,20,"Prepare Bisi Bele Bath using rice, toor dal, mixed vegetables. Cook with spices and serve hot."
159,Chana Salad (Budget),Dinner,"chickpeas,onion,tomato,lemon,salt,black pepper",Indian,25,"Prepare Chana Salad using chickpeas, onion, tomato. Cook with spices and serve hot."
160,Veg Kurma (Simple),Lunch,"mixed vegetables,coconut,onion,tomato,oil,salt",Indian,60,"Prepare Veg Kurma using mixed vegetables, coconut, onion. Cook with spices and serve hot."
161,Pongal (South Style),Breakfast,"rice,moong dal,ghee,black pepper,cumin,salt",South Indian,12,"Prepare Pongal using rice, moong dal, ghee. Cook with spices and serve hot."
162,Soya Chunks Curry (Quick),Dinner,"soy chunks,onion,tomato,oil,salt,garam masala",Indian,45,"Prepare Soya Chunks Curry using soy chunks, onion, tomato. Cook with spices and serve hot."
163,Vegetable Pulao (Special),Lunch,"rice,mixed vegetables,oil,salt,cumin,garam masala",Indian,40,"Prepare Vegetable Pulao using rice, mixed vegetables, oil. Cook with spices and serve hot."
164,Suji Halwa (Spicy),Breakfast,"rava,ghee,sugar,water,cardamom",Indian,35,"Prepare Suji Halwa using rava, ghee, sugar. Cook with spices and serve hot."
165,Mix Veg Sabzi (Quick),Lunch,"mixed vegetables,onion,tomato,oil,salt,turmeric",Indian,60,"Prepare Mix Veg Sabzi using mixed vegetables, onion, tomato. Cook with spices and serve hot."
166,Vegetable Soup (Masala),Dinner,"carrot,beans,onion,garlic,salt,black pepper,water",Indian,10,"Prepare Vegetable Soup using carrot, beans, onion. Cook with spices and serve hot."
167,Moong Dal Dosa (Budget),Dinner,"moong dal,salt,oil,green chili",Indian,25,"Prepare Moong Dal Dosa using moong dal, salt, oil. Cook with spices and serve hot."
168,Rice Upma (Home Style),Breakfast,"rice,onion,oil,mustard seeds,curry leaves,salt",Indian,25,"Prepare Rice Upma using rice, onion, oil. Cook with spices and serve hot."
169,Tomato Rice (North Style),Lunch,"rice,tomato,onion,oil,salt,garam masala",North Indian,30,"Prepare Tomato Rice using rice, tomato, onion. Cook with spices and serve hot."
170,Sooji Pancake (Simple),Breakfast,"rava,curd,onion,salt,eno,oil",Indian,35,"Prepare Sooji Pancake using rava, curd, onion. Cook with spices and serve hot."
171,Aloo Gobi (Classic),Lunch,"potato,cauliflower,onion,oil,salt,turmeric,garam masala",Indian,35,"Prepare Aloo Gobi using potato, cauliflower, onion. Cook with spices and serve hot."
172,Vegetable Paratha (Low Oil),Dinner,"wheat flour,mixed vegetables,salt,oil",Indian,30,"Prepare Vegetable Paratha using wheat flour, mixed vegetables, salt. Cook with spices and serve hot."
173,Soyabean Curry (Dhaba Style),Lunch,"soy chunks,onion,tomato,oil,salt,garam masala",Indian,25,"Prepare Soyabean Curry using soy chunks, onion, tomato. Cook with spices and serve hot."
174,Egg Bhurji (Low Oil),Dinner,"egg,onion,tomato,oil,salt,green chili",Indian,15,"Prepare Egg Bhurji using egg, onion, tomato. Cook with spices and serve hot."
175,Rajma Chawal (Low Oil),Lunch,"rajma,rice,onion,tomato,oil,salt,garam masala,ginger,garlic",North Indian,60,"Prepare Rajma Chawal using rajma, rice, onion. Cook with spices and serve hot."
176,Pongal (Dhaba Style),Breakfast,"rice,moong dal,ghee,black pepper,cumin,salt",South Indian,20,"Prepare Pongal using rice, moong dal, ghee. Cook with spices and serve hot."
177,Rasam (Spicy),Lunch,"tomato,tamarind,rasam powder,garlic,oil,salt,curry leaves",South Indian,25,"Prepare Rasam using tomato, tamarind, rasam powder. Cook with spices and serve hot."
178,Vegetable Fried Rice (Home Style),Dinner,"rice,mixed vegetables,soy sauce,oil,salt,black pepper",Indo-Chinese,30,"Prepare Vegetable Fried Rice using rice, mixed vegetables, soy sauce. Cook with spices and serve hot."
179,Palak Paneer (North Style),Lunch,"spinach,paneer,onion,tomato,oil,salt,garlic",North Indian,40,"Prepare Palak Paneer using spinach, paneer, onion. Cook with spices and serve hot."
180,Paneer Paratha (Spicy),Breakfast,"wheat flour,paneer,salt,oil,green chili",Indian,35,"Prepare Paneer Paratha using wheat flour, paneer, salt. Cook with spices and serve hot."
181,Lauki Sabzi (Simple),Lunch,"bottle gourd,onion,tomato,oil,salt,turmeric",Indian,30,"Prepare Lauki Sabzi using bottle gourd, onion, tomato. Cook with spices and serve hot."
182,Chana Sundal (Budget),Breakfast,"chickpeas,coconut,mustard seeds,curry leaves,oil,salt",Indian,35,"Prepare Chana Sundal using chickpeas, coconut, mustard seeds. Cook with spices and serve hot."
183,Tomato Rice (Classic),Lunch,"rice,tomato,onion,oil,salt,garam masala",Indian,30,"Prepare Tomato Rice using rice, tomato, onion. Cook with spices and serve hot."
184,Moong Dal Khichdi (Tiffin Special),Lunch,"rice,moong dal,ghee,salt,turmeric,cumin",Indian,45,"Prepare Moong Dal Khichdi using rice, moong dal, ghee. Cook with spices and serve hot."
185,Aloo Sandwich (Simple),Breakfast,"bread,potato,butter,salt,black pepper",Indian,25,"Prepare Aloo Sandwich using bread, potato, butter. Cook with spices and serve hot."
186,Lauki Sabzi (Quick),Lunch,"bottle gourd,onion,tomato,oil,salt,turmeric",Indian,35,"Prepare Lauki Sabzi using bottle gourd, onion, tomato. Cook with spices and serve hot."
187,Chapati Sabzi (Classic),Dinner,"wheat flour,water,salt,mixed vegetables,oil,turmeric",Indian,30,"Prepare Chapati Sabzi using wheat flour, water, salt. Cook with spices and serve hot."
188,Jeera Rice (Quick),Lunch,"rice,cumin,ghee,salt",Indian,50,"Prepare Jeera Rice using rice, cumin, ghee. Cook with spices and serve hot."
189,Vegetable Pulao (Family Pack),Lunch,"rice,mixed vegetables,oil,salt,cumin,garam masala",Indian,50,"Prepare Vegetable Pulao using rice, mixed vegetables, oil. Cook with spices and serve hot."
190,Kadhi Pakora (Low Oil),Lunch,"curd,besan,onion,oil,salt,turmeric,cumin,curry leaves",North Indian,25,"Prepare Kadhi Pakora using curd, besan, onion. Cook with spices and serve hot."
191,Oats Upma (Budget),Breakfast,"oats,onion,oil,mustard seeds,curry leaves,salt,water",Indian,15,"Prepare Oats Upma using oats, onion, oil. Cook with spices and serve hot."
192,Uttapam (Tiffin Special),Breakfast,"rice,urad dal,onion,tomato,green chili,salt,oil",South Indian,25,"Prepare Uttapam using rice, urad dal, onion. Cook with spices and serve hot."
193,Paneer Paratha (Masala),Breakfast,"wheat flour,paneer,salt,oil,green chili",Indian,30,"Prepare Paneer Paratha using wheat flour, paneer, salt. Cook with spices and serve hot."
194,Ragi Dosa (South Style),Breakfast,"ragi flour,rice flour,curd,salt,oil",South Indian,18,"Prepare Ragi Dosa using ragi flour, rice flour, curd. Cook with spices and serve hot."
195,Vegetable Fried Rice (Simple),Dinner,"rice,mixed vegetables,soy sauce,oil,salt,black pepper",Indo-Chinese,40,"Prepare Vegetable Fried Rice using rice, mixed vegetables, soy sauce. Cook with spices and serve hot."
196,Palak Paneer (Budget),Lunch,"spinach,paneer,onion,tomato,oil,salt,garlic",Indian,40,"Prepare Palak Paneer using spinach, paneer, onion. Cook with spices and serve hot."
197,Kadhi Pakora (South Style),Lunch,"curd,besan,onion,oil,salt,turmeric,cumin,curry leaves",South Indian,30,"Prepare Kadhi Pakora using curd, besan, onion. Cook with spices and serve hot."
198,Sooji Pancake (Tiffin Special),Breakfast,"rava,curd,onion,salt,eno,oil",Indian,25,"Prepare Sooji Pancake using rava, curd, onion. Cook with spices and serve hot."
199,Tomato Rice (Low Oil),Lunch,"rice,tomato,onion,oil,salt,garam masala",Indian,40,"Prepare Tomato Rice using rice, tomato, onion. Cook with spices and serve hot."
200,Curd Rice (Low Oil),Lunch,"rice,curd,salt,mustard seeds,curry leaves,oil",South Indian,60,"Prepare Curd Rice using rice, curd, salt. Cook with spices and serve hot."
201,Rava Dosa (Tiffin Special),Dinner,"rava,rice flour,curd,salt,oil",South Indian,15,"Prepare Rava Dosa using rava, rice flour, curd. Cook with spices and serve hot."
202,Sabudana Khichdi (Quick),Breakfast,"sabudana,peanut,potato,green chili,salt,oil",Indian,18,"Prepare Sabudana Khichdi using sabudana, peanut, potato. Cook with spices and serve hot."
203,Sambar Rice (Masala),Dinner,"rice,toor dal,sambar powder,mixed vegetables,oil,salt",Indian,45,"Prepare Sambar Rice using rice, toor dal, sambar powder. Cook with spices and serve hot."
204,Stuffed Capsicum (Dhaba Style),Dinner,"capsicum,potato,onion,oil,salt,garam masala",Indian,35,"Prepare Stuffed Capsicum using capsicum, potato, onion. Cook with spices and serve hot."
205,Baingan Bharta (Home Style),Lunch,"eggplant,onion,tomato,oil,salt,garlic",North Indian,35,"Prepare Baingan Bharta using eggplant, onion, tomato. Cook with spices and serve hot."
206,Aloo Paratha (Home Style),Breakfast,"wheat flour,potato,onion,green chili,salt,oil,butter",North Indian,25,"Prepare Aloo Paratha using wheat flour, potato, onion. Cook with spices and serve hot."
207,Vegetable Fried Rice (Family Pack),Dinner,"rice,mixed vegetables,soy sauce,oil,salt,black pepper",Indo-Chinese,25,"Prepare Vegetable Fried Rice using rice, mixed vegetables, soy sauce. Cook with spices and serve hot."
208,Veg Kurma (Masala),Lunch,"mixed vegetables,coconut,onion,tomato,oil,salt",Indian,35,"Prepare Veg Kurma using mixed vegetables, coconut, onion. Cook with spices and serve hot."
209,Ragi Porridge (Tiffin Special),Breakfast,"ragi flour,milk,jaggery,cardamom",Indian,30,"Prepare Ragi Porridge using ragi flour, milk, jaggery. Cook with spices and serve hot."
210,Soya Chunks Curry (Spicy),Dinner,"soy chunks,onion,tomato,oil,salt,garam masala",Indian,40,"Prepare Soya Chunks Curry using soy chunks, onion, tomato. Cook with spices and serve hot."
211,Chana Dal (Masala),Lunch,"chana dal,onion,tomato,oil,salt,turmeric,cumin",Indian,20,"Prepare Chana Dal using chana dal, onion, tomato. Cook with spices and serve hot."
212,Aloo Jeera (North Style),Lunch,"potato,cumin,oil,salt,turmeric",North Indian,45,"Prepare Aloo Jeera using potato, cumin, oil. Cook with spices and serve hot."
213,Pongal (South Style),Breakfast,"rice,moong dal,ghee,black pepper,cumin,salt",South Indian,18,"Prepare Pongal using rice, moong dal, ghee. Cook with spices and serve hot."
214,Uttapam (Spicy),Breakfast,"rice,urad dal,onion,tomato,green chili,salt,oil",South Indian,30,"Prepare Uttapam using rice, urad dal, onion. Cook with spices and serve hot."
215,Matar Paneer (Tiffin Special),Lunch,"peas,paneer,onion,tomato,oil,salt,garam masala",Indian,40,"Prepare Matar Paneer using peas, paneer, onion. Cook with spices and serve hot."
216,Besan Chilla (Simple),Breakfast,"besan,onion,tomato,green chili,salt,oil,water",Indian,30,"Prepare Besan Chilla using besan, onion, tomato. Cook with spices and serve hot."
217,Veg Noodles (Masala),Dinner,"noodles,mixed vegetables,soy sauce,oil,salt,black pepper",Indo-Chinese,45,"Prepare Veg Noodles using noodles, mixed vegetables, soy sauce. Cook with spices and serve hot."
218,Vegetable Paratha (Simple),Dinner,"wheat flour,mixed vegetables,salt,oil",Indian,15,"Prepare Vegetable Paratha using wheat flour, mixed vegetables, salt. Cook with spices and serve hot."
219,Kootu (Special),Lunch,"moong dal,mixed vegetables,coconut,salt,cumin",Indian,60,"Prepare Kootu using moong dal, mixed vegetables, coconut. Cook with spices and serve hot."
220,Curd Rice (Masala),Lunch,"rice,curd,salt,mustard seeds,curry leaves,oil",South Indian,25,"Prepare Curd Rice using rice, curd, salt. Cook with spices and serve hot."
221,Moong Dal Cheela (Home Style),Breakfast,"moong dal,onion,green chili,salt,oil",Indian,12,"Prepare Moong Dal Cheela using moong dal, onion, green chili. Cook with spices and serve hot."
222,Tawa Paneer (Budget),Dinner,"paneer,onion,tomato,oil,salt,garam masala",Indian,45,"Prepare Tawa Paneer using paneer, onion, tomato. Cook with spices and serve hot."
223,Corn Chaat (Masala),Breakfast,"sweet corn,onion,tomato,lemon,salt,chaat masala",Indian,10,"Prepare Corn Chaat using sweet corn, onion, tomato. Cook with spices and serve hot."
224,Besan Chilla (Spicy),Breakfast,"besan,onion,tomato,green chili,salt,oil,water",Indian,10,"Prepare Besan Chilla using besan, onion, tomato. Cook with spices and serve hot."
225,Tawa Paneer (Low Oil),Dinner,"paneer,onion,tomato,oil,salt,garam masala",Indian,20,"Prepare Tawa Paneer using paneer, onion, tomato. Cook with spices and serve hot."
226,Aloo Tikki (South Style),Dinner,"potato,bread crumbs,salt,green chili,oil",South Indian,40,"Prepare Aloo Tikki using potato, bread crumbs, salt. Cook with spices and serve hot."
227,Veg Noodles (Quick),Dinner,"noodles,mixed vegetables,soy sauce,oil,salt,black pepper",Indo-Chinese,15,"Prepare Veg Noodles using noodles, mixed vegetables, soy sauce. Cook with spices and serve hot."
228,Vermicelli Upma (South Style),Breakfast,"vermicelli,onion,oil,mustard seeds,curry leaves,salt",South Indian,18,"Prepare Vermicelli Upma using vermicelli, onion, oil. Cook with spices and serve hot."
229,Veg Kurma (Spicy),Lunch,"mixed vegetables,coconut,onion,tomato,oil,salt",Indian,20,"Prepare Veg Kurma using mixed vegetables, coconut, onion. Cook with spices and serve hot."
230,Aloo Tikki (Low Oil),Breakfast,"potato,bread crumbs,salt,green chili,oil",Indian,35,"Prepare Aloo Tikki using potato, bread crumbs, salt. Cook with spices and serve hot."
231,Vegetable Curry (Budget),Lunch,"mixed vegetables,onion,tomato,oil,salt,turmeric,garam masala",Indian,35,"Prepare Vegetable Curry using mixed vegetables, onion, tomato. Cook with spices and serve hot."
232,Kootu (Spicy),Lunch,"moong dal,mixed vegetables,coconut,salt,cumin",Indian,35,"Prepare Kootu using moong dal, mixed vegetables, coconut. Cook with spices and serve hot."
233,Ragi Porridge (Classic),Breakfast,"ragi flour,milk,jaggery,cardamom",Indian,20,"Prepare Ragi Porridge using ragi flour, milk, jaggery. Cook with spices and serve hot."
234,Upma (Spicy),Breakfast,"rava,onion,oil,mustard seeds,curry leaves,green chili,salt,water",Indian,35,"Prepare Upma using rava, onion, oil. Cook with spices and serve hot."
235,Moong Dal Dosa (Tiffin Special),Dinner,"moong dal,salt,oil,green chili",Indian,15,"Prepare Moong Dal Dosa using moong dal, salt, oil. Cook with spices and serve hot."
236,Lemon Rice (Budget),Lunch,"rice,lemon,oil,mustard seeds,curry leaves,peanut,salt,turmeric",South Indian,50,"Prepare Lemon Rice using rice, lemon, oil. Cook with spices and serve hot."
237,Lemon Rice (Dhaba Style),Lunch,"rice,lemon,oil,mustard seeds,curry leaves,peanut,salt,turmeric",South Indian,20,"Prepare Lemon Rice using rice, lemon, oil. Cook with spices and serve hot."
238,Tomato Soup (Classic),Dinner,"tomato,onion,garlic,salt,black pepper,water",Indian,40,"Prepare Tomato Soup using tomato, onion, garlic. Cook with spices and serve hot."
239,Lauki Sabzi (Spicy),Lunch,"bottle gourd,onion,tomato,oil,salt,turmeric",Indian,20,"Prepare Lauki Sabzi using bottle gourd, onion, tomato. Cook with spices and serve hot."
240,Dal Palak (Quick),Lunch,"spinach,toor dal,onion,tomato,oil,salt,garlic",Indian,35,"Prepare Dal Palak using spinach, toor dal, onion. Cook with spices and serve hot."
241,Sambar (Low Oil),Lunch,"toor dal,tamarind,sambar powder,mixed vegetables,oil,salt,mustard seeds",South Indian,35,"Prepare Sambar using toor dal, tamarind, sambar powder. Cook with spices and serve hot."
242,Methi Paratha (Spicy),Breakfast,"wheat flour,methi leaves,salt,oil",Indian,20,"Prepare Methi Paratha using wheat flour, methi leaves, salt. Cook with spices and serve hot."
243,Aloo Gobi (North Style),Lunch,"potato,cauliflower,onion,oil,salt,turmeric,garam masala",North Indian,60,"Prepare Aloo Gobi using potato, cauliflower, onion. Cook with spices and serve hot."
244,Paneer Bhurji (Spicy),Dinner,"paneer,onion,tomato,oil,salt,green chili",Indian,45,"Prepare Paneer Bhurji using paneer, onion, tomato. Cook with spices and serve hot."
245,Kadhi Pakora (North Style),Lunch,"curd,besan,onion,oil,salt,turmeric,cumin,curry leaves",North Indian,30,"Prepare Kadhi Pakora using curd, besan, onion. Cook with spices and serve hot."
246,Kadhi Pakora (Spicy),Lunch,"curd,besan,onion,oil,salt,turmeric,cumin,curry leaves",North Indian,20,"Prepare Kadhi Pakora using curd, besan, onion. Cook with spices and serve hot."
247,Pav Bhaji (Tiffin Special),Dinner,"pav,potato,tomato,onion,butter,pav bhaji masala,salt",Indian,10,"Prepare Pav Bhaji using pav, potato, tomato. Cook with spices and serve hot."
248,Dal Khichdi (Home Style),Dinner,"rice,moong dal,ghee,salt,turmeric,cumin",Indian,40,"Prepare Dal Khichdi using rice, moong dal, ghee. Cook with spices and serve hot."
249,Vegetable Curry (Classic),Lunch,"mixed vegetables,onion,tomato,oil,salt,turmeric,garam masala",Indian,25,"Prepare Vegetable Curry using mixed vegetables, onion, tomato. Cook with spices and serve hot."
250,Sabudana Khichdi (Family Pack),Breakfast,"sabudana,peanut,potato,green chili,salt,oil",Indian,18,"Prepare Sabudana Khichdi using sabudana, peanut, potato. Cook with spices and serve hot."
251,Semiyan Kheer (Classic),Breakfast,"vermicelli,milk,sugar,cardamom,ghee",Indian,35,"Prepare Semiyan Kheer using vermicelli, milk, sugar. Cook with spices and serve hot."
252,Vermicelli Upma (Budget),Breakfast,"vermicelli,onion,oil,mustard seeds,curry leaves,salt",Indian,30,"Prepare Vermicelli Upma using vermicelli, onion, oil. Cook with spices and serve hot."
253,Chana Dal (Dhaba Style),Lunch,"chana dal,onion,tomato,oil,salt,turmeric,cumin",Indian,30,"Prepare Chana Dal using chana dal, onion, tomato. Cook with spices and serve hot."
254,Poha (Quick),Breakfast,"poha,onion,oil,mustard seeds,curry leaves,green chili,salt,lemon",Indian,20,"Prepare Poha using poha, onion, oil. Cook with spices and serve hot."
255,Egg Bhurji (Tiffin Special),Breakfast,"egg,onion,tomato,oil,salt,green chili",Indian,12,"Prepare Egg Bhurji using egg, onion, tomato. Cook with spices and serve hot."
256,Veg Noodles (Spicy),Dinner,"noodles,mixed vegetables,soy sauce,oil,salt,black pepper",Indo-Chinese,40,"Prepare Veg Noodles using noodles, mixed vegetables, soy sauce. Cook with spices and serve hot."
257,Tomato Rice (Special),Lunch,"rice,tomato,onion,oil,salt,garam masala",Indian,50,"Prepare Tomato Rice using rice, tomato, onion. Cook with spices and serve hot."
258,Dosa (Classic),Breakfast,"rice,urad dal,salt,oil",South Indian,35,"Prepare Dosa using rice, urad dal, salt. Cook with spices and serve hot."
259,Paneer Paratha (South Style),Breakfast,"wheat flour,paneer,salt,oil,green chili",South Indian,35,"Prepare Paneer Paratha using wheat flour, paneer, salt. Cook with spices and serve hot."
260,Kanda Poha (Family Pack),Breakfast,"poha,onion,peanut,oil,mustard seeds,salt,lemon",Indian,35,"Prepare Kanda Poha using poha, onion, peanut. Cook with spices and serve hot."
261,Ragi Porridge (Spicy),Breakfast,"ragi flour,milk,jaggery,cardamom",Indian,30,"Prepare Ragi Porridge using ragi flour, milk, jaggery. Cook with spices and serve hot."
262,Sprouts Chaat (Simple),Breakfast,"sprouts,onion,tomato,lemon,salt,chaat masala",Indian,35,"Prepare Sprouts Chaat using sprouts, onion, tomato. Cook with spices and serve hot."
263,Dosa (Low Oil),Breakfast,"rice,urad dal,salt,oil",South Indian,18,"Prepare Dosa using rice, urad dal, salt. Cook with spices and serve hot."
264,Vegetable Fried Rice (North Style),Dinner,"rice,mixed vegetables,soy sauce,oil,salt,black pepper",North Indian,35,"Prepare Vegetable Fried Rice using rice, mixed vegetables, soy sauce. Cook with spices and serve hot."
265,Aloo Jeera (Family Pack),Lunch,"potato,cumin,oil,salt,turmeric",Indian,20,"Prepare Aloo Jeera using potato, cumin, oil. Cook with spices and serve hot."
266,Vegetable Curry (Low Oil),Lunch,"mixed vegetables,onion,tomato,oil,salt,turmeric,garam masala",Indian,40,"Prepare Vegetable Curry using mixed vegetables, onion, tomato. Cook with spices and serve hot."
267,Rice Upma (Masala),Breakfast,"rice,onion,oil,mustard seeds,curry leaves,salt",Indian,12,"Prepare Rice Upma using rice, onion, oil. Cook with spices and serve hot."
268,Dhokla (Quick),Breakfast,"besan,curd,salt,eno,turmeric,water",Gujarati,35,"Prepare Dhokla using besan, curd, salt. Cook with spices and serve hot."
269,Kheer (Masala),Dinner,"rice,milk,sugar,cardamom,ghee",Indian,40,"Prepare Kheer using rice, milk, sugar. Cook with spices and serve hot."
270,Baingan Bharta (Special),Lunch,"eggplant,onion,tomato,oil,salt,garlic",North Indian,60,"Prepare Baingan Bharta using eggplant, onion, tomato. Cook with spices and serve hot."
271,Chana Sundal (Home Style),Breakfast,"chickpeas,coconut,mustard seeds,curry leaves,oil,salt",Indian,10,"Prepare Chana Sundal using chickpeas, coconut, mustard seeds. Cook with spices and serve hot."
272,Vegetable Soup (Special),Dinner,"carrot,beans,onion,garlic,salt,black pepper,water",Indian,20,"Prepare Vegetable Soup using carrot, beans, onion. Cook with spices and serve hot."
273,Stuffed Capsicum (Family Pack),Dinner,"capsicum,potato,onion,oil,salt,garam masala",Indian,35,"Prepare Stuffed Capsicum using capsicum, potato, onion. Cook with spices and serve hot."
274,Jeera Rice (Masala),Lunch,"rice,cumin,ghee,salt",Indian,25,"Prepare Jeera Rice using rice, cumin, ghee. Cook with spices and serve hot."
275,Egg Bhurji (Tiffin Special),Dinner,"egg,onion,tomato,oil,salt,green chili",Indian,20,"Prepare Egg Bhurji using egg, onion, tomato. Cook with spices and serve hot."
276,Ragi Porridge (Quick),Breakfast,"ragi flour,milk,jaggery,cardamom",Indian,10,"Prepare Ragi Porridge using ragi flour, milk, jaggery. Cook with spices and serve hot."
277,Bisi Bele Bath (South Style),Lunch,"rice,toor dal,mixed vegetables,bisi bele bath powder,ghee,salt",South Indian,45,"Prepare Bisi Bele Bath using rice, toor dal, mixed vegetables. Cook with spices and serve hot."
278,Bread Upma (Quick),Breakfast,"bread,onion,tomato,oil,salt,mustard seeds",Indian,12,"Prepare Bread Upma using bread, onion, tomato. Cook with spices and serve hot."
279,Paneer Butter Masala (Spicy),Lunch,"paneer,tomato,butter,cream,oil,salt,garam masala,ginger,garlic",North Indian,25,"Prepare Paneer Butter Masala using paneer, tomato, butter. Cook with spices and serve hot."
280,Paneer Bhurji (Classic),Lunch,"paneer,onion,tomato,oil,salt,green chili",Indian,60,"Prepare Paneer Bhurji using paneer, onion, tomato. Cook with spices and serve hot."
281,Dhokla (Home Style),Breakfast,"besan,curd,salt,eno,turmeric,water",Gujarati,30,"Prepare Dhokla using besan, curd, salt. Cook with spices and serve hot."
282,Curd Rice (Classic),Lunch,"rice,curd,salt,mustard seeds,curry leaves,oil",South Indian,25,"Prepare Curd Rice using rice, curd, salt. Cook with spices and serve hot."
283,Cabbage Poriyal (Low Oil),Lunch,"cabbage,coconut,mustard seeds,curry leaves,oil,salt",Indian,40,"Prepare Cabbage Poriyal using cabbage, coconut, mustard seeds. Cook with spices and serve hot."
284,Veg Kurma (Classic),Lunch,"mixed vegetables,coconut,onion,tomato,oil,salt",Indian,40,"Prepare Veg Kurma using mixed vegetables, coconut, onion. Cook with spices and serve hot."
285,Aloo Puri (Spicy),Breakfast,"wheat flour,potato,oil,salt,turmeric",Indian,15,"Prepare Aloo Puri using wheat flour, potato, oil. Cook with spices and serve hot."
286,Thepla (Home Style),Breakfast,"wheat flour,methi leaves,oil,salt,turmeric,green chili",Gujarati,20,"Prepare Thepla using wheat flour, methi leaves, oil. Cook with spices and serve hot."
287,Egg Bhurji (Family Pack),Dinner,"egg,onion,tomato,oil,salt,green chili",Indian,15,"Prepare Egg Bhurji using egg, onion, tomato. Cook with spices and serve hot."
288,Veg Kurma (Spicy),Lunch,"mixed vegetables,coconut,onion,tomato,oil,salt",Indian,35,"Prepare Veg Kurma using mixed vegetables, coconut, onion. Cook with spices and serve hot."
289,Dal Fry (Quick),Dinner,"toor dal,onion,tomato,oil,salt,cumin",Indian,45,"Prepare Dal Fry using toor dal, onion, tomato. Cook with spices and serve hot."
290,Mooli Paratha (Simple),Breakfast,"wheat flour,radish,salt,oil,cumin",Indian,35,"Prepare Mooli Paratha using wheat flour, radish, salt. Cook with spices and serve hot."
291,Aloo Puri (Family Pack),Breakfast,"wheat flour,potato,oil,salt,turmeric",Indian,10,"Prepare Aloo Puri using wheat flour, potato, oil. Cook with spices and serve hot."
292,Lemon Rice (Quick),Lunch,"rice,lemon,oil,mustard seeds,curry leaves,peanut,salt,turmeric",South Indian,20,"Prepare Lemon Rice using rice, lemon, oil. Cook with spices and serve hot."
293,Rice Upma (Special),Breakfast,"rice,onion,oil,mustard seeds,curry leaves,salt",Indian,18,"Prepare Rice Upma using rice, onion, oil. Cook with spices and serve hot."
294,Paneer Paratha (South Style),Breakfast,"wheat flour,paneer,salt,oil,green chili",South Indian,15,"Prepare Paneer Paratha using wheat flour, paneer, salt. Cook with spices and serve hot."
295,Veg Kurma (Masala),Lunch,"mixed vegetables,coconut,onion,tomato,oil,salt",Indian,20,"Prepare Veg Kurma using mixed vegetables, coconut, onion. Cook with spices and serve hot."
296,Rice Upma (Classic),Breakfast,"rice,onion,oil,mustard seeds,curry leaves,salt",Indian,25,"Prepare Rice Upma using rice, onion, oil. Cook with spices and serve hot."
297,Idli (Family Pack),Breakfast,"rice,urad dal,salt,water",South Indian,25,"Prepare Idli using rice, urad dal, salt. Cook with spices and serve hot."
298,Idli (Spicy),Breakfast,"rice,urad dal,salt,water",South Indian,20,"Prepare Idli using rice, urad dal, salt. Cook with spices and serve hot."
299,Rice Upma (Classic),Breakfast,"rice,onion,oil,mustard seeds,curry leaves,salt",Indian,18,"Prepare Rice Upma using rice, onion, oil. Cook with spices and serve hot."
300,Kanda Poha (Tiffin Special),Breakfast,"poha,onion,peanut,oil,mustard seeds,salt,lemon",Indian,25,"Prepare Kanda Poha using poha, onion, peanut. Cook with spices and serve hot."
301,Sattu Drink (Low Oil),Breakfast,"sattu,water,lemon,salt,cumin",Indian,12,"Prepare Sattu Drink using sattu, water, lemon. Cook with spices and serve hot."
302,Idli (Masala),Breakfast,"rice,urad dal,salt,water",South Indian,35,"Prepare Idli using rice, urad dal, salt. Cook with spices and serve hot."
303,Vegetable Paratha (Quick),Dinner,"wheat flour,mixed vegetables,salt,oil",Indian,40,"Prepare Vegetable Paratha using wheat flour, mixed vegetables, salt. Cook with spices and serve hot."
304,Ragi Dosa (Budget),Breakfast,"ragi flour,rice flour,curd,salt,oil",Indian,15,"Prepare Ragi Dosa using ragi flour, rice flour, curd. Cook with spices and serve hot."
305,Chana Salad (Quick),Dinner,"chickpeas,onion,tomato,lemon,salt,black pepper",Indian,20,"Prepare Chana Salad using chickpeas, onion, tomato. Cook with spices and serve hot."
306,Aloo Jeera (Tiffin Special),Lunch,"potato,cumin,oil,salt,turmeric",Indian,40,"Prepare Aloo Jeera using potato, cumin, oil. Cook with spices and serve hot."
307,Vegetable Soup (Tiffin Special),Dinner,"carrot,beans,onion,garlic,salt,black pepper,water",Indian,10,"Prepare Vegetable Soup using carrot, beans, onion. Cook with spices and serve hot."
308,Panchmel Dal (Family Pack),Lunch,"toor dal,moong dal,masoor dal,chana dal,urad dal,oil,salt",Indian,50,"Prepare Panchmel Dal using toor dal, moong dal, masoor dal. Cook with spices and serve hot."
309,Rajma Chawal (Special),Lunch,"rajma,rice,onion,tomato,oil,salt,garam masala,ginger,garlic",North Indian,45,"Prepare Rajma Chawal using rajma, rice, onion. Cook with spices and serve hot."
310,Egg Bhurji (Tiffin Special),Dinner,"egg,onion,tomato,oil,salt,green chili",Indian,40,"Prepare Egg Bhurji using egg, onion, tomato. Cook with spices and serve hot."
311,Poha (Tiffin Special),Breakfast,"poha,onion,oil,mustard seeds,curry leaves,green chili,salt,lemon",Indian,15,"Prepare Poha using poha, onion, oil. Cook with spices and serve hot."
312,Bhindi Masala (Special),Lunch,"okra,onion,tomato,oil,salt,turmeric,garam masala",Indian,25,"Prepare Bhindi Masala using okra, onion, tomato. Cook with spices and serve hot."
313,Panchmel Dal (Family Pack),Lunch,"toor dal,moong dal,masoor dal,chana dal,urad dal,oil,salt",Indian,60,"Prepare Panchmel Dal using toor dal, moong dal, masoor dal. Cook with spices and serve hot."
314,Besan Chilla (Simple),Breakfast,"besan,onion,tomato,green chili,salt,oil,water",Indian,10,"Prepare Besan Chilla using besan, onion, tomato. Cook with spices and serve hot."
315,Pav Bhaji (Budget),Dinner,"pav,potato,tomato,onion,butter,pav bhaji masala,salt",Indian,40,"Prepare Pav Bhaji using pav, potato, tomato. Cook with spices and serve hot."
316,Vegetable Omelette (North Style),Breakfast,"egg,onion,tomato,salt,oil,green chili",North Indian,25,"Prepare Vegetable Omelette using egg, onion, tomato. Cook with spices and serve hot."
317,Soya Chunks Curry (Home Style),Dinner,"soy chunks,onion,tomato,oil,salt,garam masala",Indian,20,"Prepare Soya Chunks Curry using soy chunks, onion, tomato. Cook with spices and serve hot."
318,Cabbage Poriyal (Home Style),Lunch,"cabbage,coconut,mustard seeds,curry leaves,oil,salt",Indian,30,"Prepare Cabbage Poriyal using cabbage, coconut, mustard seeds. Cook with spices and serve hot."
319,Mooli Paratha (Tiffin Special),Breakfast,"wheat flour,radish,salt,oil,cumin",Indian,35,"Prepare Mooli Paratha using wheat flour, radish, salt. Cook with spices and serve hot."
320,Vermicelli Upma (Home Style),Breakfast,"vermicelli,onion,oil,mustard seeds,curry leaves,salt",Indian,10,"Prepare Vermicelli Upma using vermicelli, onion, oil. Cook with spices and serve hot."
321,Vegetable Curry (Simple),Lunch,"mixed vegetables,onion,tomato,oil,salt,turmeric,garam masala",Indian,50,"Prepare Vegetable Curry using mixed vegetables, onion, tomato. Cook with spices and serve hot."
322,Sattu Drink (Classic),Breakfast,"sattu,water,lemon,salt,cumin",Indian,15,"Prepare Sattu Drink using sattu, water, lemon. Cook with spices and serve hot."
323,Dal Fry (Special),Dinner,"toor dal,onion,tomato,oil,salt,cumin",Indian,25,"Prepare Dal Fry using toor dal, onion, tomato. Cook with spices and serve hot."
324,Dalia Khichdi (North Style),Dinner,"broken wheat,moong dal,ghee,salt,turmeric",North Indian,25,"Prepare Dalia Khichdi using broken wheat, moong dal, ghee. Cook with spices and serve hot."
325,Egg Curry (North Style),Lunch,"egg,onion,tomato,oil,salt,garam masala",North Indian,35,"Prepare Egg Curry using egg, onion, tomato. Cook with spices and serve hot."
326,Ragi Dosa (South Style),Breakfast,"ragi flour,rice flour,curd,salt,oil",South Indian,15,"Prepare Ragi Dosa using ragi flour, rice flour, curd. Cook with spices and serve hot."
327,Moong Dal Khichdi (Quick),Lunch,"rice,moong dal,ghee,salt,turmeric,cumin",Indian,30,"Prepare Moong Dal Khichdi using rice, moong dal, ghee. Cook with spices and serve hot."
328,Puri Bhaji (Simple),Breakfast,"wheat flour,potato,onion,oil,salt,turmeric",Indian,10,"Prepare Puri Bhaji using wheat flour, potato, onion. Cook with spices and serve hot."
329,Vegetable Stew (Family Pack),Dinner,"mixed vegetables,coconut milk,salt,black pepper",Indian,15,"Prepare Vegetable Stew using mixed vegetables, coconut milk, salt. Cook with spices and serve hot."
330,Soyabean Curry (South Style),Lunch,"soy chunks,onion,tomato,oil,salt,garam masala",South Indian,40,"Prepare Soyabean Curry using soy chunks, onion, tomato. Cook with spices and serve hot."
331,Roti with Dal (Low Oil),Dinner,"wheat flour,water,salt,toor dal,onion,tomato,oil",Indian,25,"Prepare Roti with Dal using wheat flour, water, salt. Cook with spices and serve hot."
332,Mix Veg Sabzi (Budget),Lunch,"mixed vegetables,onion,tomato,oil,salt,turmeric",Indian,45,"Prepare Mix Veg Sabzi using mixed vegetables, onion, tomato. Cook with spices and serve hot."
333,Dal Palak (Dhaba Style),Lunch,"spinach,toor dal,onion,tomato,oil,salt,garlic",Indian,30,"Prepare Dal Palak using spinach, toor dal, onion. Cook with spices and serve hot."
334,Poha (North Style),Breakfast,"poha,onion,oil,mustard seeds,curry leaves,green chili,salt,lemon",North Indian,35,"Prepare Poha using poha, onion, oil. Cook with spices and serve hot."
335,Curd Rice (Dhaba Style),Lunch,"rice,curd,salt,mustard seeds,curry leaves,oil",South Indian,60,"Prepare Curd Rice using rice, curd, salt. Cook with spices and serve hot."
336,Sooji Pancake (Tiffin Special),Breakfast,"rava,curd,onion,salt,eno,oil",Indian,12,"Prepare Sooji Pancake using rava, curd, onion. Cook with spices and serve hot."
337,Besan Chilla (Family Pack),Breakfast,"besan,onion,tomato,green chili,salt,oil,water",Indian,30,"Prepare Besan Chilla using besan, onion, tomato. Cook with spices and serve hot."
338,Paneer Butter Masala (Masala),Lunch,"paneer,tomato,butter,cream,oil,salt,garam masala,ginger,garlic",North Indian,60,"Prepare Paneer Butter Masala using paneer, tomato, butter. Cook with spices and serve hot."
339,Soya Chunks Curry (Budget),Dinner,"soy chunks,onion,tomato,oil,salt,garam masala",Indian,10,"Prepare Soya Chunks Curry using soy chunks, onion, tomato. Cook with spices and serve hot."
340,Besan Chilla (Quick),Breakfast,"besan,onion,tomato,green chili,salt,oil,water",Indian,25,"Prepare Besan Chilla using besan, onion, tomato. Cook with spices and serve hot."
341,Soya Chunks Curry (Quick),Dinner,"soy chunks,onion,tomato,oil,salt,garam masala",Indian,10,"Prepare Soya Chunks Curry using soy chunks, onion, tomato. Cook with spices and serve hot."
342,Sambar Rice (Tiffin Special),Dinner,"rice,toor dal,sambar powder,mixed vegetables,oil,salt",Indian,20,"Prepare Sambar Rice using rice, toor dal, sambar powder. Cook with spices and serve hot."
343,Masala Dosa (North Style),Breakfast,"rice,urad dal,potato,onion,oil,salt,mustard seeds,curry leaves",South Indian,12,"Prepare Masala Dosa using rice, urad dal, potato. Cook with spices and serve hot."
344,Besan Chilla (Dhaba Style),Breakfast,"besan,onion,tomato,green chili,salt,oil,water",Indian,20,"Prepare Besan Chilla using besan, onion, tomato. Cook with spices and serve hot."
345,Dhokla (Quick),Breakfast,"besan,curd,salt,eno,turmeric,water",Gujarati,25,"Prepare Dhokla using besan, curd, salt. Cook with spices and serve hot."
346,Veg Noodles (Low Oil),Dinner,"noodles,mixed vegetables,soy sauce,oil,salt,black pepper",Indo-Chinese,20,"Prepare Veg Noodles using noodles, mixed vegetables, soy sauce. Cook with spices and serve hot."
347,Aloo Jeera (Special),Lunch,"potato,cumin,oil,salt,turmeric",Indian,60,"Prepare Aloo Jeera using potato, cumin, oil. Cook with spices and serve hot."
348,Rava Idli (South Style),Breakfast,"rava,curd,eno,salt,water",South Indian,35,"Prepare Rava Idli using rava, curd, eno. Cook with spices and serve hot."
349,Paneer Bhurji (Low Oil),Breakfast,"paneer,onion,tomato,oil,salt,green chili",Indian,18,"Prepare Paneer Bhurji using paneer, onion, tomato. Cook with spices and serve hot."
350,Jeera Rice (Simple),Lunch,"rice,cumin,ghee,salt",Indian,35,"Prepare Jeera Rice using rice, cumin, ghee. Cook with spices and serve hot."
351,Ragi Dosa (Home Style),Breakfast,"ragi flour,rice flour,curd,salt,oil",Indian,20,"Prepare Ragi Dosa using ragi flour, rice flour, curd. Cook with spices and serve hot."
352,Tomato Soup (Tiffin Special),Dinner,"tomato,onion,garlic,salt,black pepper,water",Indian,20,"Prepare Tomato Soup using tomato, onion, garlic. Cook with spices and serve hot."
353,Bhindi Masala (Masala),Lunch,"okra,onion,tomato,oil,salt,turmeric,garam masala",Indian,20,"Prepare Bhindi Masala using okra, onion, tomato. Cook with spices and serve hot."
354,Curd Rice (Family Pack),Dinner,"rice,curd,salt,mustard seeds,curry leaves,oil",South Indian,45,"Prepare Curd Rice using rice, curd, salt. Cook with spices and serve hot."
355,Soya Chunks Curry (North Style),Dinner,"soy chunks,onion,tomato,oil,salt,garam masala",North Indian,15,"Prepare Soya Chunks Curry using soy chunks, onion, tomato. Cook with spices and serve hot."
356,Puliyogare (Budget),Lunch,"rice,tamarind,peanut,oil,salt,mustard seeds",South Indian,50,"Prepare Puliyogare using rice, tamarind, peanut. Cook with spices and serve hot."
357,Dal Fry (Family Pack),Dinner,"toor dal,onion,tomato,oil,salt,cumin",Indian,30,"Prepare Dal Fry using toor dal, onion, tomato. Cook with spices and serve hot."
358,Jeera Rice (North Style),Lunch,"rice,cumin,ghee,salt",North Indian,30,"Prepare Jeera Rice using rice, cumin, ghee. Cook with spices and serve hot."
359,Chana Dal (Masala),Lunch,"chana dal,onion,tomato,oil,salt,turmeric,cumin",Indian,25,"Prepare Chana Dal using chana dal, onion, tomato. Cook with spices and serve hot."
360,Lemon Rice (Home Style),Lunch,"rice,lemon,oil,mustard seeds,curry leaves,peanut,salt,turmeric",South Indian,20,"Prepare Lemon Rice using rice, lemon, oil. Cook with spices and serve hot."
361,Kootu (Low Oil),Lunch,"moong dal,mixed vegetables,coconut,salt,cumin",Indian,40,"Prepare Kootu using moong dal, mixed vegetables, coconut. Cook with spices and serve hot."
362,Curd Rice (North Style),Dinner,"rice,curd,salt,mustard seeds,curry leaves,oil",South Indian,35,"Prepare Curd Rice using rice, curd, salt. Cook with spices and serve hot."
363,Chapati Sabzi (Classic),Dinner,"wheat flour,water,salt,mixed vegetables,oil,turmeric",Indian,10,"Prepare Chapati Sabzi using wheat flour, water, salt. Cook with spices and serve hot."
364,Moong Dal Cheela (Low Oil),Breakfast,"moong dal,onion,green chili,salt,oil",Indian,30,"Prepare Moong Dal Cheela using moong dal, onion, green chili. Cook with spices and serve hot."
365,Dal Palak (Family Pack),Lunch,"spinach,toor dal,onion,tomato,oil,salt,garlic",Indian,20,"Prepare Dal Palak using spinach, toor dal, onion. Cook with spices and serve hot."
366,Chana Sundal (Spicy),Breakfast,"chickpeas,coconut,mustard seeds,curry leaves,oil,salt",Indian,10,"Prepare Chana Sundal using chickpeas, coconut, mustard seeds. Cook with spices and serve hot."
367,Dosa (Simple),Breakfast,"rice,urad dal,salt,oil",South Indian,25,"Prepare Dosa using rice, urad dal, salt. Cook with spices and serve hot."
368,Aloo Gobi (South Style),Lunch,"potato,cauliflower,onion,oil,salt,turmeric,garam masala",South Indian,45,"Prepare Aloo Gobi using potato, cauliflower, onion. Cook with spices and serve hot."
369,Stuffed Capsicum (Tiffin Special),Dinner,"capsicum,potato,onion,oil,salt,garam masala",Indian,30,"Prepare Stuffed Capsicum using capsicum, potato, onion. Cook with spices and serve hot."
370,Pav Bhaji (Spicy),Dinner,"pav,potato,tomato,onion,butter,pav bhaji masala,salt",Indian,35,"Prepare Pav Bhaji using pav, potato, tomato. Cook with spices and serve hot."
371,Vegetable Stew (Dhaba Style),Dinner,"mixed vegetables,coconut milk,salt,black pepper",Indian,20,"Prepare Vegetable Stew using mixed vegetables, coconut milk, salt. Cook with spices and serve hot."
372,Poha (Masala),Breakfast,"poha,onion,oil,mustard seeds,curry leaves,green chili,salt,lemon",Indian,18,"Prepare Poha using poha, onion, oil. Cook with spices and serve hot."
373,Pav Bhaji (Dhaba Style),Dinner,"pav,potato,tomato,onion,butter,pav bhaji masala,salt",Indian,15,"Prepare Pav Bhaji using pav, potato, tomato. Cook with spices and serve hot."
374,Moong Dal Cheela (Special),Breakfast,"moong dal,onion,green chili,salt,oil",Indian,20,"Prepare Moong Dal Cheela using moong dal, onion, green chili. Cook with spices and serve hot."
375,Veg Kurma (Simple),Lunch,"mixed vegetables,coconut,onion,tomato,oil,salt",Indian,20,"Prepare Veg Kurma using mixed vegetables, coconut, onion. Cook with spices and serve hot."
376,Vegetable Stew (South Style),Dinner,"mixed vegetables,coconut milk,salt,black pepper",South Indian,35,"Prepare Vegetable Stew using mixed vegetables, coconut milk, salt. Cook with spices and serve hot."
377,Moong Dal Dosa (North Style),Dinner,"moong dal,salt,oil,green chili",North Indian,45,"Prepare Moong Dal Dosa using moong dal, salt, oil. Cook with spices and serve hot."
378,Lemon Rice (South Style),Dinner,"rice,lemon,oil,mustard seeds,curry leaves,peanut,salt,turmeric",South Indian,45,"Prepare Lemon Rice using rice, lemon, oil. Cook with spices and serve hot."
379,Sabudana Khichdi (Simple),Breakfast,"sabudana,peanut,potato,green chili,salt,oil",Indian,10,"Prepare Sabudana Khichdi using sabudana, peanut, potato. Cook with spices and serve hot."
380,Aloo Tikki (Simple),Breakfast,"potato,bread crumbs,salt,green chili,oil",Indian,30,"Prepare Aloo Tikki using potato, bread crumbs, salt. Cook with spices and serve hot."
381,Thepla (Home Style),Breakfast,"wheat flour,methi leaves,oil,salt,turmeric,green chili",Gujarati,10,"Prepare Thepla using wheat flour, methi leaves, oil. Cook with spices and serve hot."
382,Poha (North Style),Breakfast,"poha,onion,oil,mustard seeds,curry leaves,green chili,salt,lemon",North Indian,18,"Prepare Poha using poha, onion, oil. Cook with spices and serve hot."
383,Ragi Porridge (Spicy),Breakfast,"ragi flour,milk,jaggery,cardamom",Indian,30,"Prepare Ragi Porridge using ragi flour, milk, jaggery. Cook with spices and serve hot."
384,Paneer Bhurji (South Style),Dinner,"paneer,onion,tomato,oil,salt,green chili",South Indian,30,"Prepare Paneer Bhurji using paneer, onion, tomato. Cook with spices and serve hot."
385,Vermicelli Upma (Budget),Breakfast,"vermicelli,onion,oil,mustard seeds,curry leaves,salt",Indian,10,"Prepare Vermicelli Upma using vermicelli, onion, oil. Cook with spices and serve hot."
386,Dal Fry (Dhaba Style),Dinner,"toor dal,onion,tomato,oil,salt,cumin",Indian,10,"Prepare Dal Fry using toor dal, onion, tomato. Cook with spices and serve hot."
387,Baingan Bharta (Classic),Lunch,"eggplant,onion,tomato,oil,salt,garlic",North Indian,60,"Prepare Baingan Bharta using eggplant, onion, tomato. Cook with spices and serve hot."
388,Aloo Puri (Home Style),Breakfast,"wheat flour,potato,oil,salt,turmeric",Indian,18,"Prepare Aloo Puri using wheat flour, potato, oil. Cook with spices and serve hot."
389,Rava Idli (Spicy),Breakfast,"rava,curd,eno,salt,water",South Indian,10,"Prepare Rava Idli using rava, curd, eno. Cook with spices and serve hot."
390,Aloo Sandwich (Classic),Breakfast,"bread,potato,butter,salt,black pepper",Indian,20,"Prepare Aloo Sandwich using bread, potato, butter. Cook with spices and serve hot."
391,Dal Khichdi (Low Oil),Dinner,"rice,moong dal,ghee,salt,turmeric,cumin",Indian,40,"Prepare Dal Khichdi using rice, moong dal, ghee. Cook with spices and serve hot."
392,Dal Fry (South Style),Dinner,"toor dal,onion,tomato,oil,salt,cumin",South Indian,30,"Prepare Dal Fry using toor dal, onion, tomato. Cook with spices and serve hot."
393,Rasam (Quick),Lunch,"tomato,tamarind,rasam powder,garlic,oil,salt,curry leaves",South Indian,20,"Prepare Rasam using tomato, tamarind, rasam powder. Cook with spices and serve hot."
394,Rava Idli (Spicy),Breakfast,"rava,curd,eno,salt,water",South Indian,18,"Prepare Rava Idli using rava, curd, eno. Cook with spices and serve hot."
395,Kanda Poha (Spicy),Breakfast,"poha,onion,peanut,oil,mustard seeds,salt,lemon",Indian,30,"Prepare Kanda Poha using poha, onion, peanut. Cook with spices and serve hot."
396,Curd Rice (Tiffin Special),Lunch,"rice,curd,salt,mustard seeds,curry leaves,oil",South Indian,60,"Prepare Curd Rice using rice, curd, salt. Cook with spices and serve hot."
397,Kootu (Classic),Lunch,"moong dal,mixed vegetables,coconut,salt,cumin",Indian,20,"Prepare Kootu using moong dal, mixed vegetables, coconut. Cook with spices and serve hot."
398,Bread Upma (Classic),Breakfast,"bread,onion,tomato,oil,salt,mustard seeds",Indian,18,"Prepare Bread Upma using bread, onion, tomato. Cook with spices and serve hot."
399,Sambar Rice (Low Oil),Dinner,"rice,toor dal,sambar powder,mixed vegetables,oil,salt",Indian,25,"Prepare Sambar Rice using rice, toor dal, sambar powder. Cook with spices and serve hot."
400,Vegetable Pulao (North Style),Lunch,"rice,mixed vegetables,oil,salt,cumin,garam masala",North Indian,30,"Prepare Vegetable Pulao using rice, mixed vegetables, oil. Cook with spices and serve hot."
401,Idli (Simple),Breakfast,"rice,urad dal,salt,water",South Indian,12,"Prepare Idli using rice, urad dal, salt. Cook with spices and serve hot."
402,Sattu Drink (Home Style),Breakfast,"sattu,water,lemon,salt,cumin",Indian,25,"Prepare Sattu Drink using sattu, water, lemon. Cook with spices and serve hot."
403,Upma (Simple),Breakfast,"rava,onion,oil,mustard seeds,curry leaves,green chili,salt,water",Indian,10,"Prepare Upma using rava, onion, oil. Cook with spices and serve hot."
404,Idli (Classic),Breakfast,"rice,urad dal,salt,water",South Indian,12,"Prepare Idli using rice, urad dal, salt. Cook with spices and serve hot."
405,Dal Khichdi (Quick),Dinner,"rice,moong dal,ghee,salt,turmeric,cumin",Indian,35,"Prepare Dal Khichdi using rice, moong dal, ghee. Cook with spices and serve hot."
406,Aloo Tikki (Budget),Breakfast,"potato,bread crumbs,salt,green chili,oil",Indian,12,"Prepare Aloo Tikki using potato, bread crumbs, salt. Cook with spices and serve hot."
407,Dalia Khichdi (Quick),Dinner,"broken wheat,moong dal,ghee,salt,turmeric",Indian,25,"Prepare Dalia Khichdi using broken wheat, moong dal, ghee. Cook with spices and serve hot."
408,Suji Halwa (Quick),Breakfast,"rava,ghee,sugar,water,cardamom",Indian,10,"Prepare Suji Halwa using rava, ghee, sugar. Cook with spices and serve hot."
409,Aloo Paratha (Special),Breakfast,"wheat flour,potato,onion,green chili,salt,oil,butter",North Indian,20,"Prepare Aloo Paratha using wheat flour, potato, onion. Cook with spices and serve hot."
410,Aloo Gobi (Home Style),Lunch,"potato,cauliflower,onion,oil,salt,turmeric,garam masala",Indian,25,"Prepare Aloo Gobi using potato, cauliflower, onion. Cook with spices and serve hot."
411,Egg Bhurji (Low Oil),Dinner,"egg,onion,tomato,oil,salt,green chili",Indian,35,"Prepare Egg Bhurji using egg, onion, tomato. Cook with spices and serve hot."
412,Baingan Bharta (Low Oil),Lunch,"eggplant,onion,tomato,oil,salt,garlic",North Indian,20,"Prepare Baingan Bharta using eggplant, onion, tomato. Cook with spices and serve hot."
413,Veg Kurma (Low Oil),Lunch,"mixed vegetables,coconut,onion,tomato,oil,salt",Indian,20,"Prepare Veg Kurma using mixed vegetables, coconut, onion. Cook with spices and serve hot."
414,Veg Noodles (Family Pack),Dinner,"noodles,mixed vegetables,soy sauce,oil,salt,black pepper",Indo-Chinese,35,"Prepare Veg Noodles using noodles, mixed vegetables, soy sauce. Cook with spices and serve hot."
415,Soya Chunks Curry (Dhaba Style),Dinner,"soy chunks,onion,tomato,oil,salt,garam masala",Indian,30,"Prepare Soya Chunks Curry using soy chunks, onion, tomato. Cook with spices and serve hot."
416,Aloo Matar (Simple),Dinner,"potato,peas,onion,tomato,oil,salt,turmeric",Indian,40,"Prepare Aloo Matar using potato, peas, onion. Cook with spices and serve hot."
417,Bread Upma (South Style),Breakfast,"bread,onion,tomato,oil,salt,mustard seeds",South Indian,12,"Prepare Bread Upma using bread, onion, tomato. Cook with spices and serve hot."
418,Dahi Aloo (Classic),Lunch,"curd,potato,oil,salt,cumin",Indian,20,"Prepare Dahi Aloo using curd, potato, oil. Cook with spices and serve hot."
419,Sprouts Salad (Spicy),Dinner,"sprouts,onion,tomato,lemon,salt",Indian,15,"Prepare Sprouts Salad using sprouts, onion, tomato. Cook with spices and serve hot."
420,Vegetable Stew (Low Oil),Dinner,"mixed vegetables,coconut milk,salt,black pepper",Indian,20,"Prepare Vegetable Stew using mixed vegetables, coconut milk, salt. Cook with spices and serve hot."
421,Dal Tadka (South Style),Lunch,"toor dal,onion,tomato,garlic,oil,ghee,salt,cumin",South Indian,35,"Prepare Dal Tadka using toor dal, onion, tomato. Cook with spices and serve hot."
422,Kadhi Pakora (Simple),Lunch,"curd,besan,onion,oil,salt,turmeric,cumin,curry leaves",North Indian,45,"Prepare Kadhi Pakora using curd, besan, onion. Cook with spices and serve hot."
423,Aloo Gobi (Dhaba Style),Lunch,"potato,cauliflower,onion,oil,salt,turmeric,garam masala",Indian,30,"Prepare Aloo Gobi using potato, cauliflower, onion. Cook with spices and serve hot."
424,Moong Dal Khichdi (Special),Lunch,"rice,moong dal,ghee,salt,turmeric,cumin",Indian,40,"Prepare Moong Dal Khichdi using rice, moong dal, ghee. Cook with spices and serve hot."
425,Paneer Bhurji (Low Oil),Dinner,"paneer,onion,tomato,oil,salt,green chili",Indian,25,"Prepare Paneer Bhurji using paneer, onion, tomato. Cook with spices and serve hot."
426,Stuffed Capsicum (Dhaba Style),Dinner,"capsicum,potato,onion,oil,salt,garam masala",Indian,20,"Prepare Stuffed Capsicum using capsicum, potato, onion. Cook with spices and serve hot."
427,Aloo Paratha (Dhaba Style),Breakfast,"wheat flour,potato,onion,green chili,salt,oil,butter",North Indian,12,"Prepare Aloo Paratha using wheat flour, potato, onion. Cook with spices and serve hot."
428,Tomato Soup (Family Pack),Dinner,"tomato,onion,garlic,salt,black pepper,water",Indian,15,"Prepare Tomato Soup using tomato, onion, garlic. Cook with spices and serve hot."
429,Lauki Sabzi (Classic),Lunch,"bottle gourd,onion,tomato,oil,salt,turmeric",Indian,25,"Prepare Lauki Sabzi using bottle gourd, onion, tomato. Cook with spices and serve hot."
430,Rajma Chawal (Family Pack),Lunch,"rajma,rice,onion,tomato,oil,salt,garam masala,ginger,garlic",North Indian,35,"Prepare Rajma Chawal using rajma, rice, onion. Cook with spices and serve hot."
431,Veg Kurma (Tiffin Special),Lunch,"mixed vegetables,coconut,onion,tomato,oil,salt",Indian,30,"Prepare Veg Kurma using mixed vegetables, coconut, onion. Cook with spices and serve hot."
432,Lemon Rice (Dhaba Style),Lunch,"rice,lemon,oil,mustard seeds,curry leaves,peanut,salt,turmeric",South Indian,30,"Prepare Lemon Rice using rice, lemon, oil. Cook with spices and serve hot."
433,Masala Omelette (Masala),Dinner,"egg,onion,green chili,salt,oil",Indian,10,"Prepare Masala Omelette using egg, onion, green chili. Cook with spices and serve hot."
434,Vegetable Curry (South Style),Lunch,"mixed vegetables,onion,tomato,oil,salt,turmeric,garam masala",South Indian,30,"Prepare Vegetable Curry using mixed vegetables, onion, tomato. Cook with spices and serve hot."
435,Bisi Bele Bath (Classic),Lunch,"rice,toor dal,mixed vegetables,bisi bele bath powder,ghee,salt",South Indian,45,"Prepare Bisi Bele Bath using rice, toor dal, mixed vegetables. Cook with spices and serve hot."
436,Methi Paratha (Dhaba Style),Breakfast,"wheat flour,methi leaves,salt,oil",Indian,20,"Prepare Methi Paratha using wheat flour, methi leaves, salt. Cook with spices and serve hot."
437,Stuffed Capsicum (Home Style),Dinner,"capsicum,potato,onion,oil,salt,garam masala",Indian,35,"Prepare Stuffed Capsicum using capsicum, potato, onion. Cook with spices and serve hot."
438,Curd Rice (South Style),Lunch,"rice,curd,salt,mustard seeds,curry leaves,oil",South Indian,35,"Prepare Curd Rice using rice, curd, salt. Cook with spices and serve hot."
439,Tomato Rice (Masala),Lunch,"rice,tomato,onion,oil,salt,garam masala",Indian,30,"Prepare Tomato Rice using rice, tomato, onion. Cook with spices and serve hot."
440,Pav Bhaji (Spicy),Dinner,"pav,potato,tomato,onion,butter,pav bhaji masala,salt",Indian,35,"Prepare Pav Bhaji using pav, potato, tomato. Cook with spices and serve hot."
441,Soya Chunks Curry (Family Pack),Dinner,"soy chunks,onion,tomato,oil,salt,garam masala",Indian,20,"Prepare Soya Chunks Curry using soy chunks, onion, tomato. Cook with spices and serve hot."
442,Kanda Poha (Spicy),Breakfast,"poha,onion,peanut,oil,mustard seeds,salt,lemon",Indian,20,"Prepare Kanda Poha using poha, onion, peanut. Cook with spices and serve hot."
443,Vegetable Biryani (Home Style),Dinner,"rice,mixed vegetables,onion,curd,biryani masala,oil,salt",Indian,15,"Prepare Vegetable Biryani using rice, mixed vegetables, onion. Cook with spices and serve hot."
444,Sprouts Chaat (Home Style),Breakfast,"sprouts,onion,tomato,lemon,salt,chaat masala",Indian,15,"Prepare Sprouts Chaat using sprouts, onion, tomato. Cook with spices and serve hot."
445,Tomato Rice (Tiffin Special),Lunch,"rice,tomato,onion,oil,salt,garam masala",Indian,40,"Prepare Tomato Rice using rice, tomato, onion. Cook with spices and serve hot."
446,Mooli Paratha (Budget),Breakfast,"wheat flour,radish,salt,oil,cumin",Indian,12,"Prepare Mooli Paratha using wheat flour, radish, salt. Cook with spices and serve hot."
447,Rasam (Tiffin Special),Lunch,"tomato,tamarind,rasam powder,garlic,oil,salt,curry leaves",South Indian,60,"Prepare Rasam using tomato, tamarind, rasam powder. Cook with spices and serve hot."
448,Poha (Tiffin Special),Breakfast,"poha,onion,oil,mustard seeds,curry leaves,green chili,salt,lemon",Indian,30,"Prepare Poha using poha, onion, oil. Cook with spices and serve hot."
449,Stuffed Capsicum (South Style),Dinner,"capsicum,potato,onion,oil,salt,garam masala",South Indian,30,"Prepare Stuffed Capsicum using capsicum, potato, onion. Cook with spices and serve hot."
450,Rajma Chawal (Home Style),Lunch,"rajma,rice,onion,tomato,oil,salt,garam masala,ginger,garlic",North Indian,40,"Prepare Rajma Chawal using rajma, rice, onion. Cook with spices and serve hot."
451,Aloo Matar (Tiffin Special),Dinner,"potato,peas,onion,tomato,oil,salt,turmeric",Indian,10,"Prepare Aloo Matar using potato, peas, onion. Cook with spices and serve hot."
452,Stuffed Capsicum (Special),Dinner,"capsicum,potato,onion,oil,salt,garam masala",Indian,40,"Prepare Stuffed Capsicum using capsicum, potato, onion. Cook with spices and serve hot."
453,Sprouts Salad (North Style),Dinner,"sprouts,onion,tomato,lemon,salt",North Indian,40,"Prepare Sprouts Salad using sprouts, onion, tomato. Cook with spices and serve hot."
454,Paneer Bhurji (Special),Breakfast,"paneer,onion,tomato,oil,salt,green chili",Indian,18,"Prepare Paneer Bhurji using paneer, onion, tomato. Cook with spices and serve hot."
455,Paneer Bhurji (Budget),Dinner,"paneer,onion,tomato,oil,salt,green chili",Indian,15,"Prepare Paneer Bhurji using paneer, onion, tomato. Cook with spices and serve hot."
456,Baingan Bharta (Family Pack),Lunch,"eggplant,onion,tomato,oil,salt,garlic",North Indian,40,"Prepare Baingan Bharta using eggplant, onion, tomato. Cook with spices and serve hot."
457,Tawa Paneer (Quick),Dinner,"paneer,onion,tomato,oil,salt,garam masala",Indian,40,"Prepare Tawa Paneer using paneer, onion, tomato. Cook with spices and serve hot."
458,Ragi Dosa (Classic),Breakfast,"ragi flour,rice flour,curd,salt,oil",Indian,15,"Prepare Ragi Dosa using ragi flour, rice flour, curd. Cook with spices and serve hot."
459,Baingan Bharta (Dhaba Style),Lunch,"eggplant,onion,tomato,oil,salt,garlic",North Indian,60,"Prepare Baingan Bharta using eggplant, onion, tomato. Cook with spices and serve hot."
460,Sattu Drink (Special),Breakfast,"sattu,water,lemon,salt,cumin",Indian,30,"Prepare Sattu Drink using sattu, water, lemon. Cook with spices and serve hot."
461,Rava Dosa (Budget),Dinner,"rava,rice flour,curd,salt,oil",South Indian,20,"Prepare Rava Dosa using rava, rice flour, curd. Cook with spices and serve hot."
462,Tomato Soup (Masala),Dinner,"tomato,onion,garlic,salt,black pepper,water",Indian,10,"Prepare Tomato Soup using tomato, onion, garlic. Cook with spices and serve hot."
463,Paneer Bhurji (Quick),Lunch,"paneer,onion,tomato,oil,salt,green chili",Indian,20,"Prepare Paneer Bhurji using paneer, onion, tomato. Cook with spices and serve hot."
464,Puliyogare (Spicy),Lunch,"rice,tamarind,peanut,oil,salt,mustard seeds",South Indian,30,"Prepare Puliyogare using rice, tamarind, peanut. Cook with spices and serve hot."
465,Dal Fry (Spicy),Dinner,"toor dal,onion,tomato,oil,salt,cumin",Indian,35,"Prepare Dal Fry using toor dal, onion, tomato. Cook with spices and serve hot."
466,Vegetable Omelette (Dhaba Style),Breakfast,"egg,onion,tomato,salt,oil,green chili",Indian,18,"Prepare Vegetable Omelette using egg, onion, tomato. Cook with spices and serve hot."
467,Vegetable Paratha (South Style),Dinner,"wheat flour,mixed vegetables,salt,oil",South Indian,10,"Prepare Vegetable Paratha using wheat flour, mixed vegetables, salt. Cook with spices and serve hot."
468,Dal Fry (Special),Dinner,"toor dal,onion,tomato,oil,salt,cumin",Indian,35,"Prepare Dal Fry using toor dal, onion, tomato. Cook with spices and serve hot."
469,Tomato Soup (Tiffin Special),Dinner,"tomato,onion,garlic,salt,black pepper,water",Indian,45,"Prepare Tomato Soup using tomato, onion, garlic. Cook with spices and serve hot."
470,Vegetable Sandwich (Tiffin Special),Breakfast,"bread,butter,tomato,cucumber,onion,salt,black pepper",Indian,12,"Prepare Vegetable Sandwich using bread, butter, tomato. Cook with spices and serve hot."
471,Masala Omelette (Family Pack),Dinner,"egg,onion,green chili,salt,oil",Indian,10,"Prepare Masala Omelette using egg, onion, green chili. Cook with spices and serve hot."
472,Aloo Jeera (Tiffin Special),Lunch,"potato,cumin,oil,salt,turmeric",Indian,50,"Prepare Aloo Jeera using potato, cumin, oil. Cook with spices and serve hot."
473,Poha (Quick),Breakfast,"poha,onion,oil,mustard seeds,curry leaves,green chili,salt,lemon",Indian,30,"Prepare Poha using poha, onion, oil. Cook with spices and serve hot."
474,Moong Dal Khichdi (North Style),Lunch,"rice,moong dal,ghee,salt,turmeric,cumin",North Indian,40,"Prepare Moong Dal Khichdi using rice, moong dal, ghee. Cook with spices and serve hot."
475,Dhokla (Low Oil),Breakfast,"besan,curd,salt,eno,turmeric,water",Gujarati,30,"Prepare Dhokla using besan, curd, salt. Cook with spices and serve hot."
476,Stuffed Capsicum (Masala),Dinner,"capsicum,potato,onion,oil,salt,garam masala",Indian,40,"Prepare Stuffed Capsicum using capsicum, potato, onion. Cook with spices and serve hot."
477,Rasam (Home Style),Lunch,"tomato,tamarind,rasam powder,garlic,oil,salt,curry leaves",South Indian,30,"Prepare Rasam using tomato, tamarind, rasam powder. Cook with spices and serve hot."
478,Puri Bhaji (Dhaba Style),Breakfast,"wheat flour,potato,onion,oil,salt,turmeric",Indian,18,"Prepare Puri Bhaji using wheat flour, potato, onion. Cook with spices and serve hot."
479,Egg Bhurji (Budget),Breakfast,"egg,onion,tomato,oil,salt,green chili",Indian,30,"Prepare Egg Bhurji using egg, onion, tomato. Cook with spices and serve hot."
480,Cabbage Poriyal (Masala),Lunch,"cabbage,coconut,mustard seeds,curry leaves,oil,salt",Indian,30,"Prepare Cabbage Poriyal using cabbage, coconut, mustard seeds. Cook with spices and serve hot."
481,Moong Dal Khichdi (Masala),Lunch,"rice,moong dal,ghee,salt,turmeric,cumin",Indian,35,"Prepare Moong Dal Khichdi using rice, moong dal, ghee. Cook with spices and serve hot."
482,Mix Veg Sabzi (Budget),Lunch,"mixed vegetables,onion,tomato,oil,salt,turmeric",Indian,40,"Prepare Mix Veg Sabzi using mixed vegetables, onion, tomato. Cook with spices and serve hot."
483,Egg Curry (Dhaba Style),Lunch,"egg,onion,tomato,oil,salt,garam masala",Indian,20,"Prepare Egg Curry using egg, onion, tomato. Cook with spices and serve hot."
484,Dal Fry (Low Oil),Dinner,"toor dal,onion,tomato,oil,salt,cumin",Indian,35,"Prepare Dal Fry using toor dal, onion, tomato. Cook with spices and serve hot."
485,Vermicelli Upma (Family Pack),Breakfast,"vermicelli,onion,oil,mustard seeds,curry leaves,salt",Indian,35,"Prepare Vermicelli Upma using vermicelli, onion, oil. Cook with spices and serve hot."
486,Baingan Bharta (North Style),Lunch,"eggplant,onion,tomato,oil,salt,garlic",North Indian,25,"Prepare Baingan Bharta using eggplant, onion, tomato. Cook with spices and serve hot."
487,Sambar Rice (Family Pack),Dinner,"rice,toor dal,sambar powder,mixed vegetables,oil,salt",Indian,20,"Prepare Sambar Rice using rice, toor dal, sambar powder. Cook with spices and serve hot."
488,Mix Veg Sabzi (Simple),Lunch,"mixed vegetables,onion,tomato,oil,salt,turmeric",Indian,25,"Prepare Mix Veg Sabzi using mixed vegetables, onion, tomato. Cook with spices and serve hot."
489,Sambar Rice (Family Pack),Dinner,"rice,toor dal,sambar powder,mixed vegetables,oil,salt",Indian,20,"Prepare Sambar Rice using rice, toor dal, sambar powder. Cook with spices and serve hot."
490,Vegetable Stew (Family Pack),Dinner,"mixed vegetables,coconut milk,salt,black pepper",Indian,10,"Prepare Vegetable Stew using mixed vegetables, coconut milk, salt. Cook with spices and serve hot."
491,Chapati Sabzi (Spicy),Dinner,"wheat flour,water,salt,mixed vegetables,oil,turmeric",Indian,15,"Prepare Chapati Sabzi using wheat flour, water, salt. Cook with spices and serve hot."
492,Vegetable Soup (Low Oil),Dinner,"carrot,beans,onion,garlic,salt,black pepper,water",Indian,15,"Prepare Vegetable Soup using carrot, beans, onion. Cook with spices and serve hot."
493,Pav Bhaji (Special),Dinner,"pav,potato,tomato,onion,butter,pav bhaji masala,salt",Indian,25,"Prepare Pav Bhaji using pav, potato, tomato. Cook with spices and serve hot."
494,Aloo Puri (Family Pack),Breakfast,"wheat flour,potato,oil,salt,turmeric",Indian,15,"Prepare Aloo Puri using wheat flour, potato, oil. Cook with spices and serve hot."
495,Ragi Dosa (Masala),Breakfast,"ragi flour,rice flour,curd,salt,oil",Indian,15,"Prepare Ragi Dosa using ragi flour, rice flour, curd. Cook with spices and serve hot."
496,Sambar Rice (Classic),Dinner,"rice,toor dal,sambar powder,mixed vegetables,oil,salt",Indian,15,"Prepare Sambar Rice using rice, toor dal, sambar powder. Cook with spices and serve hot."
497,Sambar Rice (South Style),Dinner,"rice,toor dal,sambar powder,mixed vegetables,oil,salt",South Indian,30,"Prepare Sambar Rice using rice, toor dal, sambar powder. Cook with spices and serve hot."
498,Chana Sundal (Classic),Breakfast,"chickpeas,coconut,mustard seeds,curry leaves,oil,salt",Indian,18,"Prepare Chana Sundal using chickpeas, coconut, mustard seeds. Cook with spices and serve hot."
499,Vegetable Fried Rice (Classic),Dinner,"rice,mixed vegetables,soy sauce,oil,salt,black pepper",Indo-Chinese,45,"Prepare Vegetable Fried Rice using rice, mixed vegetables, soy sauce. Cook with spices and serve hot."
500,Sambar Rice (Quick),Dinner,"rice,toor dal,sambar powder,mixed vegetables,oil,salt",Indian,15,"Prepare Sambar Rice using rice, toor dal, sambar powder. Cook with spices and serve hot."
